,Date,Open,High,Low,Close,UpTrend,DownTrend
0,2016-01-04,142.5,143.5,139.0,139.5,,
1,2016-01-05,139.0,140.0,137.0,138.0,,
2,2016-01-06,138.0,138.0,135.0,135.5,,
3,2016-01-07,134.5,135.0,130.5,133.0,,
4,2016-01-08,132.0,135.0,132.0,134.0,,
5,2016-01-11,133.0,134.5,130.5,133.0,,
6,2016-01-12,133.0,134.0,131.5,133.0,,
7,2016-01-13,133.5,135.5,133.0,133.5,,
8,2016-01-14,130.5,132.0,130.5,131.5,UP,
9,2016-01-15,137.5,138.0,135.5,137.0,UP,
10,2016-01-18,135.0,138.0,134.5,137.0,UP,
11,2016-01-19,137.5,138.0,136.0,138.0,UP,
12,2016-01-20,137.5,137.5,133.5,134.5,UP,
13,2016-01-21,134.0,136.5,134.0,135.0,UP,
14,2016-01-22,136.5,138.5,136.0,138.5,UP,
15,2016-01-25,140.0,140.0,139.0,139.5,UP,
16,2016-01-26,137.5,139.0,137.0,137.5,UP,
17,2016-01-27,139.0,139.5,138.5,139.5,UP,
18,2016-01-28,138.0,140.5,138.0,140.0,UP,
19,2016-01-29,138.5,143.0,138.0,143.0,UP,
20,2016-01-30,142.5,143.0,141.0,142.0,UP,
21,2016-02-01,144.0,144.0,141.5,144.0,UP,
22,2016-02-02,144.0,144.5,141.5,142.5,UP,
23,2016-02-03,145.0,146.0,144.5,146.0,UP,
24,2016-02-15,142.0,146.5,142.0,145.0,UP,
25,2016-02-16,146.0,148.0,145.5,147.5,UP,
26,2016-02-17,149.0,149.0,147.0,148.0,UP,
27,2016-02-18,150.0,151.0,149.5,151.0,UP,
28,2016-02-19,149.0,151.0,149.0,151.0,UP,
29,2016-02-22,149.5,152.5,149.5,151.0,UP,
30,2016-02-23,150.5,151.0,149.0,149.5,UP,
31,2016-02-24,149.5,150.5,147.0,148.0,UP,
32,2016-02-25,149.0,151.0,148.5,150.5,UP,
33,2016-02-26,151.0,151.5,148.0,149.0,UP,
34,2016-03-01,148.5,152.0,148.5,152.0,UP,
35,2016-03-02,154.0,154.5,153.0,153.0,UP,
36,2016-03-03,154.0,154.5,153.0,154.0,UP,
37,2016-03-04,153.0,153.5,151.5,152.5,UP,
38,2016-03-07,152.5,153.5,151.0,152.0,UP,
39,2016-03-08,151.0,152.0,149.5,152.0,UP,
40,2016-03-09,152.0,153.0,150.5,153.0,UP,
41,2016-03-10,153.0,154.5,151.5,154.5,UP,
42,2016-03-11,154.5,155.0,153.0,155.0,UP,
43,2016-03-14,156.5,157.5,155.5,156.0,UP,
44,2016-03-15,155.0,156.5,153.0,154.5,UP,
45,2016-03-16,155.5,156.0,154.0,156.0,UP,
46,2016-03-17,159.5,160.0,157.5,158.5,UP,
47,2016-03-18,158.5,159.5,158.5,159.5,UP,
48,2016-03-21,160.0,160.0,158.0,160.0,UP,
49,2016-03-22,159.5,159.5,157.0,158.5,UP,
50,2016-03-23,158.5,159.5,158.0,159.5,UP,
51,2016-03-24,158.0,159.0,157.0,158.5,UP,
52,2016-03-25,158.5,159.0,157.0,158.0,UP,
53,2016-03-28,158.0,159.0,157.0,159.0,UP,
54,2016-03-29,158.5,159.5,158.0,159.0,UP,
55,2016-03-30,158.5,162.0,158.5,161.5,UP,
56,2016-03-31,162.0,163.0,159.0,162.0,UP,
57,2016-04-01,161.0,161.0,157.5,158.5,,
58,2016-04-06,155.5,156.0,153.5,153.5,,
59,2016-04-07,155.0,155.0,152.5,154.5,,
60,2016-04-08,154.0,158.0,154.0,157.5,,
61,2016-04-11,156.0,159.0,155.5,158.5,,
62,2016-04-12,157.5,159.5,157.5,158.5,,
63,2016-04-13,160.0,162.0,159.5,161.5,,DOWN
64,2016-04-14,162.0,162.5,160.0,161.5,,DOWN
65,2016-04-15,157.0,160.0,156.0,159.5,,DOWN
66,2016-04-18,158.0,158.5,157.5,158.0,,DOWN
67,2016-04-19,160.0,161.0,157.0,157.5,,DOWN
68,2016-04-20,157.5,158.0,154.0,154.0,,DOWN
69,2016-04-21,156.0,157.0,154.0,157.0,,DOWN
70,2016-04-22,155.5,158.0,155.0,156.5,,DOWN
71,2016-04-25,156.5,157.5,156.0,157.5,,DOWN
72,2016-04-26,156.5,158.5,156.5,158.0,,DOWN
73,2016-04-27,156.0,157.5,155.5,156.5,,DOWN
74,2016-04-28,157.5,158.0,153.0,153.0,,DOWN
75,2016-04-29,151.0,151.0,149.0,150.0,,DOWN
76,2016-05-03,148.0,148.5,146.5,147.5,,DOWN
77,2016-05-04,147.0,149.0,146.5,147.0,,DOWN
78,2016-05-05,147.5,148.5,146.0,147.5,,DOWN
79,2016-05-06,148.5,148.5,147.0,148.0,,DOWN
80,2016-05-09,148.5,149.0,146.5,147.5,,DOWN
81,2016-05-10,147.0,148.0,146.5,147.0,,DOWN
82,2016-05-11,148.5,149.0,146.5,147.0,,DOWN
83,2016-05-12,147.0,148.0,146.0,146.0,,DOWN
84,2016-05-13,145.0,145.5,143.0,144.0,,DOWN
85,2016-05-16,143.0,145.5,143.0,144.5,UP,
86,2016-05-17,145.5,147.0,145.0,147.0,UP,
87,2016-05-18,146.0,147.0,145.0,147.0,UP,
88,2016-05-19,148.0,148.5,145.5,147.0,UP,
89,2016-05-20,147.5,149.5,147.0,148.5,UP,
90,2016-05-23,150.5,154.5,149.5,154.0,UP,
91,2016-05-24,152.5,153.5,151.0,151.0,UP,
92,2016-05-25,153.5,155.0,152.5,154.5,UP,
93,2016-05-26,154.5,155.0,153.5,155.0,UP,
94,2016-05-27,156.0,156.5,154.5,156.5,UP,
95,2016-05-30,157.0,158.0,155.0,157.0,UP,
96,2016-05-31,156.5,157.5,155.0,156.5,UP,
97,2016-06-01,156.0,159.0,156.0,159.0,UP,
98,2016-06-02,159.0,160.0,158.0,159.0,UP,
99,2016-06-03,159.0,160.5,159.0,160.5,UP,
100,2016-06-04,160.0,160.0,159.5,160.0,UP,
101,2016-06-06,161.0,162.0,160.0,161.0,UP,
102,2016-06-07,161.5,163.5,161.0,162.0,UP,
103,2016-06-08,164.0,166.0,163.5,165.5,UP,
104,2016-06-13,161.0,162.5,161.0,162.0,UP,
105,2016-06-14,161.0,163.0,161.0,162.0,UP,
106,2016-06-15,162.0,163.0,161.0,163.0,UP,
107,2016-06-16,161.5,162.5,159.5,160.5,UP,
108,2016-06-17,162.5,164.5,162.0,163.0,UP,
109,2016-06-20,164.5,165.0,163.0,163.0,UP,
110,2016-06-21,164.0,165.5,163.5,165.5,UP,
111,2016-06-22,164.5,166.0,163.5,166.0,UP,
112,2016-06-23,165.5,166.0,164.0,164.0,,
113,2016-06-24,164.0,164.0,154.5,159.0,,
114,2016-06-27,154.5,156.0,154.0,155.5,UP,
115,2016-06-28,155.5,157.5,155.0,157.0,UP,
116,2016-06-29,158.5,160.0,158.0,159.0,UP,
117,2016-06-30,161.0,163.0,159.5,162.5,UP,
118,2016-07-01,164.5,166.0,163.5,166.0,UP,
119,2016-07-04,165.5,166.5,164.5,166.0,UP,
120,2016-07-05,165.0,165.5,164.0,164.0,UP,
121,2016-07-06,163.0,163.0,160.5,161.5,UP,
122,2016-07-07,163.5,165.0,163.0,164.5,UP,
123,2016-07-11,170.0,170.5,168.5,170.0,UP,
124,2016-07-12,171.0,171.5,169.5,171.0,UP,
125,2016-07-13,169.5,170.0,167.0,168.5,UP,
126,2016-07-14,167.0,170.0,167.0,169.0,UP,
127,2016-07-15,168.0,169.5,166.5,169.5,UP,
128,2016-07-18,168.0,170.0,168.0,169.5,UP,
129,2016-07-19,170.5,170.5,169.0,170.5,UP,
130,2016-07-20,170.0,170.5,169.0,170.0,UP,
131,2016-07-21,171.0,172.0,170.0,172.0,UP,
132,2016-07-22,172.0,172.0,170.5,171.0,UP,
133,2016-07-25,172.0,173.0,169.0,171.5,UP,
134,2016-07-26,172.0,173.0,171.5,173.0,UP,
135,2016-07-27,175.0,176.0,174.5,175.0,UP,
136,2016-07-28,175.0,176.5,173.0,176.5,UP,
137,2016-07-29,177.0,177.0,172.5,172.5,UP,
138,2016-08-01,175.0,177.0,174.5,177.0,UP,
139,2016-08-02,177.5,177.5,175.5,176.0,UP,
140,2016-08-03,172.5,174.0,172.0,172.5,UP,
141,2016-08-04,173.0,174.5,172.5,174.5,UP,
142,2016-08-05,175.0,177.5,174.0,177.0,UP,
143,2016-08-08,178.0,178.0,176.5,178.0,UP,
144,2016-08-09,178.5,179.5,177.0,178.5,UP,
145,2016-08-10,179.0,179.5,178.0,179.5,UP,
146,2016-08-11,177.5,178.0,175.5,176.5,UP,
147,2016-08-12,178.5,178.5,177.0,177.5,UP,
148,2016-08-15,178.5,179.0,177.5,179.0,UP,
149,2016-08-16,178.0,179.0,175.0,175.5,UP,
150,2016-08-17,177.0,177.5,176.0,177.0,UP,
151,2016-08-18,176.0,176.5,175.0,176.0,UP,
152,2016-08-19,177.0,177.5,174.0,174.5,UP,
153,2016-08-22,173.0,174.0,171.5,173.0,UP,
154,2016-08-23,174.0,175.0,173.5,174.0,UP,
155,2016-08-24,175.0,175.5,173.5,173.5,UP,
156,2016-08-25,175.0,177.0,174.5,177.0,UP,
157,2016-08-26,175.0,177.0,175.0,177.0,UP,
158,2016-08-29,175.0,177.0,174.0,176.5,UP,
159,2016-08-30,176.0,176.5,174.0,174.5,UP,
160,2016-08-31,176.5,177.0,174.5,176.0,UP,
161,2016-09-01,176.0,176.0,173.0,173.5,UP,
162,2016-09-02,176.5,176.5,174.0,174.5,,
163,2016-09-05,176.5,177.5,176.5,176.5,,
164,2016-09-06,177.0,179.0,176.5,179.0,,
165,2016-09-07,180.5,185.0,180.0,184.0,,
166,2016-09-08,182.5,184.5,182.5,183.0,,
167,2016-09-09,181.0,181.0,179.5,179.5,,
168,2016-09-10,177.0,179.0,176.0,178.0,,
169,2016-09-12,177.5,177.5,174.0,175.0,,
170,2016-09-13,176.5,176.5,173.5,175.0,,
171,2016-09-14,174.0,176.0,173.5,173.5,,
172,2016-09-19,179.5,183.0,178.5,182.5,,
173,2016-09-20,182.0,183.5,181.5,183.0,,
174,2016-09-21,181.0,184.0,180.5,184.0,,
175,2016-09-22,185.0,185.5,183.5,185.5,,
176,2016-09-23,185.0,187.5,184.5,187.5,,
177,2016-09-26,183.5,185.0,183.0,183.0,UP,
178,2016-09-29,185.5,187.5,185.5,185.5,UP,
179,2016-09-30,185.5,186.5,182.5,182.5,UP,
180,2016-10-03,186.0,186.5,184.5,186.0,UP,
181,2016-10-04,185.0,187.0,185.0,187.0,UP,
182,2016-10-05,186.0,186.0,184.5,186.0,UP,
183,2016-10-06,185.0,187.5,185.0,187.5,UP,
184,2016-10-07,188.0,188.0,186.0,188.0,UP,
185,2016-10-11,191.0,191.0,186.0,187.5,UP,
186,2016-10-12,186.5,190.0,186.0,189.5,UP,
187,2016-10-13,190.5,191.0,187.0,188.5,UP,
188,2016-10-14,187.0,189.0,186.5,188.0,UP,
189,2016-10-17,186.5,187.5,185.0,186.5,UP,
190,2016-10-18,186.5,187.0,185.5,187.0,UP,
191,2016-10-19,187.5,189.5,187.5,189.5,UP,
192,2016-10-20,189.5,190.5,189.0,190.5,UP,
193,2016-10-21,191.0,192.0,188.5,188.5,UP,
194,2016-10-24,191.0,191.0,189.5,191.0,UP,
195,2016-10-25,192.0,193.0,191.0,193.0,,DOWN
196,2016-10-26,190.5,192.5,190.5,191.5,,DOWN
197,2016-10-27,191.5,191.5,188.5,188.5,,DOWN
198,2016-10-28,189.5,190.0,188.5,189.5,,DOWN
199,2016-10-31,189.0,190.5,186.5,188.5,,DOWN
200,2016-11-01,188.5,189.5,187.5,189.5,,DOWN
201,2016-11-02,187.5,188.0,186.0,186.0,,DOWN
202,2016-11-03,185.5,186.5,184.5,184.5,,DOWN
203,2016-11-04,184.5,186.0,184.0,184.5,,DOWN
204,2016-11-07,186.5,189.0,186.0,189.0,,DOWN
205,2016-11-08,190.0,190.0,188.0,188.5,,DOWN
206,2016-11-09,190.0,190.5,182.0,182.0,,DOWN
207,2016-11-10,187.0,188.0,185.5,185.5,,DOWN
208,2016-11-11,181.5,183.0,181.0,181.5,,DOWN
209,2016-11-14,181.0,182.0,180.0,180.5,,DOWN
210,2016-11-15,179.5,182.0,179.0,180.0,,DOWN
211,2016-11-16,180.5,183.0,180.0,180.0,,DOWN
212,2016-11-17,182.0,182.5,180.5,181.5,,DOWN
213,2016-11-18,181.5,181.5,180.0,181.0,,DOWN
214,2016-11-21,180.5,181.5,180.0,181.0,,DOWN
215,2016-11-22,182.0,185.0,181.5,184.0,,DOWN
216,2016-11-23,184.5,186.5,184.0,185.5,,DOWN
217,2016-11-24,184.0,185.0,183.0,183.0,,DOWN
218,2016-11-25,182.5,183.5,182.0,182.0,,DOWN
219,2016-11-28,181.5,184.0,181.5,184.0,,DOWN
220,2016-11-29,183.5,185.0,182.0,182.0,,DOWN
221,2016-11-30,181.5,183.0,181.5,183.0,,DOWN
222,2016-12-01,182.0,183.0,181.5,183.0,,DOWN
223,2016-12-02,179.0,179.5,178.0,178.0,,DOWN
224,2016-12-05,178.0,180.0,178.0,179.0,,
225,2016-12-06,181.0,183.0,180.5,182.0,,
226,2016-12-07,183.0,183.5,181.5,181.5,,
227,2016-12-08,184.0,185.5,183.0,185.5,,
228,2016-12-09,186.0,186.0,184.5,186.0,,
229,2016-12-12,186.0,187.0,184.0,185.0,,
230,2016-12-13,186.5,186.5,184.5,186.0,,
231,2016-12-14,186.5,187.5,185.5,187.5,,
232,2016-12-15,185.0,187.5,184.5,187.0,,
233,2016-12-16,185.5,187.0,185.0,185.0,,
234,2016-12-19,184.0,184.5,182.5,182.5,,
235,2016-12-20,181.0,182.5,180.0,182.5,,
236,2016-12-21,181.0,182.0,180.0,180.0,,
237,2016-12-22,180.0,180.5,179.0,179.0,,
238,2016-12-23,179.0,180.0,178.5,178.5,UP,
239,2016-12-26,179.0,180.0,179.0,179.5,UP,
240,2016-12-27,180.0,180.5,179.5,180.0,UP,
241,2016-12-28,181.0,182.0,180.5,182.0,UP,
242,2016-12-29,180.0,181.5,180.0,180.0,UP,
243,2016-12-30,181.0,182.5,180.0,181.5,UP,
244,2017-01-03,181.5,183.5,181.0,183.0,UP,
245,2017-01-04,183.0,184.0,181.5,183.0,UP,
246,2017-01-05,182.0,183.5,181.5,183.5,UP,
247,2017-01-06,184.0,184.5,183.5,184.0,UP,
248,2017-01-09,184.0,185.0,183.0,184.0,UP,
249,2017-01-10,184.5,185.5,183.5,184.0,UP,
250,2017-01-11,185.0,185.0,181.5,182.0,UP,
251,2017-01-12,182.5,185.5,182.5,184.5,UP,
252,2017-01-13,180.5,182.5,180.5,181.5,UP,
253,2017-01-16,180.0,180.5,179.0,179.5,UP,
254,2017-01-17,180.5,181.0,179.5,181.0,UP,
255,2017-01-18,180.5,181.0,179.5,181.0,UP,
256,2017-01-19,179.5,181.0,179.5,180.5,UP,
257,2017-01-20,181.0,181.5,180.5,181.0,UP,
258,2017-01-23,182.5,185.0,182.5,185.0,UP,
259,2017-01-24,185.0,186.5,184.5,185.5,UP,
260,2017-02-02,188.0,188.5,184.0,184.5,UP,
261,2017-02-03,186.0,186.0,183.5,184.5,UP,
262,2017-02-06,184.5,185.5,184.0,184.5,UP,
263,2017-02-07,183.5,185.0,183.0,184.5,UP,
264,2017-02-08,183.5,184.5,183.0,183.5,UP,
265,2017-02-09,184.0,185.5,183.5,184.0,UP,
266,2017-02-10,184.5,185.5,184.0,185.5,UP,
267,2017-02-13,186.5,188.0,186.5,187.5,UP,
268,2017-02-14,189.0,190.0,187.5,187.5,UP,
269,2017-02-15,187.0,189.5,186.5,189.0,UP,
270,2017-02-16,190.0,190.5,188.0,189.0,UP,
271,2017-02-17,190.0,190.5,189.0,189.5,UP,
272,2017-02-18,190.0,190.5,189.5,189.5,UP,
273,2017-02-20,190.0,190.5,189.5,190.0,UP,
274,2017-02-21,190.0,190.0,188.5,190.0,UP,
275,2017-02-22,190.5,191.0,188.5,188.5,UP,
276,2017-02-23,188.0,189.5,187.0,188.5,UP,
277,2017-02-24,187.5,190.5,187.5,189.0,UP,
278,2017-03-01,188.5,188.5,186.0,186.0,UP,
279,2017-03-02,188.0,188.5,185.0,186.0,UP,
280,2017-03-03,184.5,185.0,184.0,184.0,UP,
281,2017-03-06,184.0,184.5,183.5,183.5,UP,
282,2017-03-07,184.0,185.5,184.0,185.5,UP,
283,2017-03-08,186.0,188.0,185.5,187.0,UP,
284,2017-03-09,185.5,186.0,184.0,184.5,UP,
285,2017-03-10,184.0,184.5,183.0,183.5,UP,
286,2017-03-13,185.0,186.5,185.0,186.5,UP,
287,2017-03-14,188.0,188.0,186.0,186.0,UP,
288,2017-03-15,185.5,187.0,185.5,186.5,UP,
289,2017-03-16,188.0,190.0,188.0,190.0,UP,
290,2017-03-17,189.5,191.5,189.0,191.5,UP,
291,2017-03-20,191.5,191.5,189.5,191.5,UP,
292,2017-03-21,192.0,195.0,191.5,195.0,UP,
293,2017-03-22,192.5,193.5,191.5,193.5,,
294,2017-03-23,192.0,193.5,192.0,193.5,,
295,2017-03-24,192.0,193.0,192.0,192.5,,
296,2017-03-27,194.5,194.5,192.0,193.0,,
297,2017-03-28,195.0,195.0,192.5,194.5,,
298,2017-03-29,194.5,194.5,191.0,191.5,,
299,2017-03-30,192.5,193.0,190.5,191.5,,
300,2017-03-31,191.0,192.0,189.0,189.0,,
301,2017-04-05,189.5,193.0,189.5,193.0,,
302,2017-04-06,193.0,193.0,191.0,191.5,,
303,2017-04-07,192.0,192.0,188.5,191.0,,
304,2017-04-10,191.0,191.5,189.5,190.0,,
305,2017-04-11,190.0,191.0,189.0,191.0,,
306,2017-04-12,190.5,191.5,190.0,191.0,,
307,2017-04-13,189.5,192.0,189.5,191.5,,
308,2017-04-14,189.5,189.5,188.0,189.0,,
309,2017-04-17,189.0,189.0,187.5,187.5,,
310,2017-04-18,188.0,189.5,187.5,188.0,,
311,2017-04-19,187.5,187.5,186.5,186.5,UP,
312,2017-04-20,186.5,188.0,186.5,187.0,UP,
313,2017-04-21,187.5,190.0,187.5,190.0,UP,
314,2017-04-24,191.0,191.5,188.5,190.0,UP,
315,2017-04-25,190.5,192.0,189.5,192.0,UP,
316,2017-04-26,192.0,192.0,190.5,191.0,UP,
317,2017-04-27,192.0,193.0,190.5,193.0,UP,
318,2017-04-28,193.5,194.5,193.0,194.5,UP,
319,2017-05-02,198.5,199.0,195.5,196.5,UP,
320,2017-05-03,198.0,198.5,197.0,198.0,UP,
321,2017-05-04,198.5,199.0,197.0,198.0,UP,
322,2017-05-05,197.0,198.5,197.0,197.5,UP,
323,2017-05-08,199.0,202.5,199.0,202.5,UP,
324,2017-05-09,205.5,207.0,203.5,203.5,UP,
325,2017-05-10,204.0,206.0,204.0,205.5,UP,
326,2017-05-11,204.5,208.5,204.0,207.5,UP,
327,2017-05-12,205.0,207.0,205.0,206.0,UP,
328,2017-05-15,204.0,206.0,204.0,206.0,UP,
329,2017-05-16,205.0,205.0,203.5,204.5,UP,
330,2017-05-17,203.0,204.0,203.0,204.0,UP,
331,2017-05-18,202.5,204.0,201.5,203.5,UP,
332,2017-05-19,203.5,204.5,202.5,203.0,UP,
333,2017-05-22,203.5,205.0,203.0,205.0,UP,
334,2017-05-23,205.0,207.0,204.5,205.0,UP,
335,2017-05-24,205.0,206.0,205.0,205.5,UP,
336,2017-05-25,206.0,207.0,205.5,207.0,UP,
337,2017-05-26,205.0,207.0,205.0,207.0,UP,
338,2017-05-31,206.5,207.0,203.0,203.0,UP,
339,2017-06-01,205.0,207.0,204.5,207.0,UP,
340,2017-06-02,208.5,209.0,207.5,209.0,UP,
341,2017-06-03,209.0,209.0,208.0,209.0,UP,
342,2017-06-05,209.5,212.0,209.0,212.0,UP,
343,2017-06-06,210.5,211.5,210.5,210.5,UP,
344,2017-06-07,212.0,212.5,210.0,211.5,UP,
345,2017-06-08,212.0,213.0,211.5,213.0,UP,
346,2017-06-09,214.5,215.0,212.0,212.0,UP,
347,2017-06-12,207.0,210.0,207.0,207.5,UP,
348,2017-06-13,207.0,208.5,206.5,208.0,UP,
349,2017-06-14,208.5,209.5,206.0,207.0,UP,
350,2017-06-15,207.5,208.0,207.0,208.0,UP,
351,2017-06-16,207.5,212.0,207.0,211.5,UP,
352,2017-06-19,211.0,213.0,210.5,213.0,UP,
353,2017-06-20,215.0,218.0,214.5,216.5,UP,
354,2017-06-21,216.0,217.0,214.5,215.5,UP,
355,2017-06-22,217.0,218.0,216.5,218.0,UP,
356,2017-06-23,218.0,218.5,217.0,217.0,UP,
357,2017-06-26,212.0,215.0,212.0,215.0,UP,
358,2017-06-27,214.0,214.0,211.0,211.5,UP,
359,2017-06-28,209.5,210.0,208.0,208.5,UP,
360,2017-06-29,210.5,210.5,208.5,210.0,UP,
361,2017-06-30,206.5,208.5,206.5,208.5,UP,
362,2017-07-03,207.5,209.0,207.0,209.0,UP,
363,2017-07-04,208.0,208.5,207.0,207.0,UP,
364,2017-07-05,207.0,208.5,206.5,208.5,UP,
365,2017-07-06,208.0,208.5,207.0,207.5,UP,
366,2017-07-07,207.0,207.5,205.5,206.0,UP,
367,2017-07-10,206.5,207.0,206.0,206.0,UP,
368,2017-07-11,208.0,212.0,207.5,212.0,UP,
369,2017-07-12,211.0,212.5,210.5,210.5,UP,
370,2017-07-13,212.0,216.0,211.5,214.5,UP,
371,2017-07-14,213.0,214.5,212.0,213.0,UP,
372,2017-07-17,215.0,215.5,211.5,213.0,UP,
373,2017-07-18,213.0,214.0,212.0,214.0,UP,
374,2017-07-19,212.5,215.0,212.5,214.5,UP,
375,2017-07-20,215.0,215.5,214.0,215.5,UP,
376,2017-07-21,214.0,215.0,213.5,214.0,UP,
377,2017-07-24,213.5,214.5,213.0,214.5,UP,
378,2017-07-25,214.0,214.5,213.5,214.0,UP,
379,2017-07-26,215.0,215.0,212.5,213.0,UP,
380,2017-07-27,213.5,216.0,213.5,215.5,UP,
381,2017-07-28,213.0,214.0,212.5,213.0,UP,
382,2017-07-31,211.5,214.5,211.5,214.5,UP,
383,2017-08-01,212.5,214.0,212.0,212.0,UP,
384,2017-08-02,214.0,216.0,214.0,216.0,UP,
385,2017-08-03,213.0,214.0,212.5,213.5,UP,
386,2017-08-04,213.5,214.0,212.5,213.0,UP,
387,2017-08-07,213.5,216.5,213.5,216.0,UP,
388,2017-08-08,217.5,219.0,216.0,217.5,UP,
389,2017-08-09,215.0,215.5,213.5,214.5,UP,
390,2017-08-10,215.5,215.5,212.5,214.0,UP,
391,2017-08-11,211.0,213.5,210.5,212.5,UP,
392,2017-08-14,213.5,214.0,210.0,211.0,UP,
393,2017-08-15,213.0,214.5,213.0,214.0,UP,
394,2017-08-16,214.5,214.5,211.0,213.0,UP,
395,2017-08-17,213.5,214.0,213.0,214.0,UP,
396,2017-08-18,212.0,213.0,211.0,212.5,UP,
397,2017-08-21,212.5,213.0,211.5,211.5,UP,
398,2017-08-22,213.5,214.5,213.0,214.5,UP,
399,2017-08-23,215.5,216.0,214.0,215.5,UP,
400,2017-08-24,216.0,217.0,215.5,217.0,UP,
401,2017-08-25,217.5,217.5,216.0,217.5,UP,
402,2017-08-28,215.0,216.5,215.0,216.0,UP,
403,2017-08-29,216.0,216.0,215.0,216.0,UP,
404,2017-08-30,216.0,218.0,216.0,217.5,UP,
405,2017-08-31,217.5,218.0,215.5,216.5,UP,
406,2017-09-01,215.0,217.5,215.0,216.5,UP,
407,2017-09-04,216.5,218.0,215.5,217.5,UP,
408,2017-09-05,218.0,218.0,216.5,218.0,UP,
409,2017-09-06,216.5,218.0,216.0,217.0,UP,
410,2017-09-07,218.0,218.5,216.0,217.0,UP,
411,2017-09-08,217.0,218.0,216.5,218.0,UP,
412,2017-09-11,219.0,219.5,216.5,217.0,UP,
413,2017-09-12,219.0,219.5,217.5,219.0,UP,
414,2017-09-13,217.5,219.0,217.5,218.0,UP,
415,2017-09-14,218.5,219.0,217.5,218.5,UP,
416,2017-09-15,218.5,219.0,217.0,218.5,UP,
417,2017-09-18,219.0,220.0,218.0,219.5,UP,
418,2017-09-19,221.5,221.5,220.0,221.5,UP,
419,2017-09-20,221.0,222.0,220.0,221.5,UP,
420,2017-09-21,221.0,223.0,220.0,221.0,UP,
421,2017-09-22,221.5,222.0,218.5,218.5,UP,
422,2017-09-25,217.5,218.5,217.0,217.0,UP,
423,2017-09-26,217.5,218.0,214.0,214.0,UP,
424,2017-09-27,217.5,217.5,215.0,215.0,UP,
425,2017-09-28,215.0,216.0,213.5,214.0,UP,
426,2017-09-29,216.0,217.5,215.5,216.5,UP,
427,2017-09-30,218.0,218.5,216.5,216.5,UP,
428,2017-10-02,219.5,220.5,218.5,220.5,UP,
429,2017-10-03,219.0,223.0,219.0,222.5,UP,
430,2017-10-05,222.0,225.5,222.0,224.5,UP,
431,2017-10-06,225.0,225.5,223.5,224.5,UP,
432,2017-10-11,226.5,233.5,226.5,233.0,UP,
433,2017-10-12,235.0,237.5,234.5,237.5,UP,
434,2017-10-13,237.5,237.5,234.5,237.5,UP,
435,2017-10-16,237.5,238.0,236.0,238.0,,
436,2017-10-17,238.0,238.0,235.0,235.5,,
437,2017-10-18,239.5,239.5,237.0,237.5,,
438,2017-10-19,239.5,241.5,239.0,239.0,,
439,2017-10-20,238.0,239.5,237.5,237.5,,
440,2017-10-23,239.0,240.0,238.5,239.0,,
441,2017-10-24,240.0,240.0,238.0,238.0,,
442,2017-10-25,238.5,239.0,237.5,238.0,,
443,2017-10-26,237.0,238.0,236.0,236.0,,
444,2017-10-27,237.5,240.0,237.5,239.0,,
445,2017-10-30,242.0,245.0,241.5,243.0,,
446,2017-10-31,243.5,245.0,241.5,243.0,,
447,2017-11-01,243.5,245.0,241.5,242.5,,
448,2017-11-02,242.0,242.5,240.5,241.0,,
449,2017-11-03,240.5,241.0,238.5,239.0,,
450,2017-11-06,243.5,244.0,239.0,239.5,,
451,2017-11-07,242.0,244.0,241.5,244.0,,
452,2017-11-08,243.0,243.5,242.0,242.5,,
453,2017-11-09,240.5,243.0,240.0,241.0,,
454,2017-11-10,240.0,242.0,239.5,240.5,,
455,2017-11-13,240.0,241.5,239.5,239.5,,
456,2017-11-14,241.0,241.0,239.0,240.0,,
457,2017-11-15,239.0,239.5,236.0,237.5,,
458,2017-11-16,238.0,240.0,237.5,238.0,,
459,2017-11-17,240.5,242.5,240.5,241.5,,
460,2017-11-20,241.0,241.5,238.0,238.5,,
461,2017-11-21,240.0,243.0,239.5,243.0,,
462,2017-11-22,244.5,244.5,242.0,242.0,,
463,2017-11-23,242.0,243.5,241.5,242.5,,
464,2017-11-24,242.0,244.5,241.5,244.0,,
465,2017-11-27,240.0,240.0,237.0,237.0,,
466,2017-11-28,234.5,235.0,233.0,234.0,,
467,2017-11-29,235.0,236.0,234.5,234.5,,
468,2017-11-30,226.5,230.5,226.0,226.0,,
469,2017-12-01,228.5,233.5,227.5,231.0,,
470,2017-12-04,232.5,234.5,231.0,234.0,,
471,2017-12-05,231.0,231.0,228.5,229.5,,
472,2017-12-06,228.0,229.5,226.5,227.0,,
473,2017-12-07,226.5,226.5,222.5,226.5,,
474,2017-12-08,231.0,231.0,224.5,227.0,,
475,2017-12-11,228.5,229.0,227.0,227.5,,
476,2017-12-12,229.5,229.5,225.0,227.5,,
477,2017-12-13,227.5,228.0,226.5,227.0,,
478,2017-12-14,228.0,230.5,227.5,230.5,,
479,2017-12-15,228.5,230.0,226.5,230.0,,
480,2017-12-18,227.0,228.0,226.5,227.0,,
481,2017-12-19,226.5,228.5,224.0,225.0,UP,
482,2017-12-20,225.0,225.5,223.5,224.5,UP,
483,2017-12-21,226.5,227.0,224.5,225.0,UP,
484,2017-12-22,225.0,227.5,224.0,227.5,UP,
485,2017-12-25,228.0,229.5,226.5,228.5,UP,
486,2017-12-26,229.0,229.0,225.0,226.0,UP,
487,2017-12-27,225.0,226.0,225.0,225.0,UP,
488,2017-12-28,226.5,228.0,225.0,226.0,UP,
489,2017-12-29,227.5,230.0,226.5,229.5,UP,
490,2018-01-02,231.5,232.5,231.0,232.5,UP,
491,2018-01-03,236.0,238.0,235.5,237.0,UP,
492,2018-01-04,240.0,240.0,236.5,239.5,UP,
493,2018-01-05,240.0,240.0,238.0,240.0,UP,
494,2018-01-08,242.0,242.5,240.5,242.0,UP,
495,2018-01-09,242.0,242.0,239.5,242.0,UP,
496,2018-01-10,241.5,242.0,236.0,236.5,UP,
497,2018-01-11,235.0,236.0,232.5,235.0,UP,
498,2018-01-12,234.5,238.0,233.5,237.0,UP,
499,2018-01-15,240.0,240.0,238.0,240.0,UP,
500,2018-01-16,240.0,240.5,238.0,240.5,UP,
501,2018-01-17,240.5,243.0,239.0,242.0,UP,
502,2018-01-18,245.0,250.0,245.0,248.5,UP,
503,2018-01-19,253.5,255.5,251.5,255.5,UP,
504,2018-01-22,257.5,262.0,257.0,261.5,UP,
505,2018-01-23,262.5,266.0,262.5,266.0,UP,
506,2018-01-24,263.0,263.0,256.5,258.0,,
507,2018-01-25,258.0,264.0,256.5,258.0,,
508,2018-01-26,256.5,257.5,253.5,255.0,,
509,2018-01-29,259.0,261.5,255.0,258.5,,
510,2018-01-30,256.0,257.5,252.5,253.0,,
511,2018-01-31,253.0,257.5,252.0,255.0,,
512,2018-02-01,257.5,261.0,257.0,259.5,,
513,2018-02-02,259.0,260.0,255.0,259.5,,
514,2018-02-05,251.0,254.5,250.5,253.0,,
515,2018-02-06,242.5,243.5,234.0,239.0,,
516,2018-02-07,245.0,245.5,239.5,240.0,,
517,2018-02-08,239.5,242.0,238.0,238.5,,
518,2018-02-09,230.0,233.0,228.5,232.5,,
519,2018-02-12,235.5,237.5,235.0,236.5,,
520,2018-02-21,244.5,244.5,242.0,242.5,,
521,2018-02-22,244.0,244.0,239.0,239.5,,
522,2018-02-23,241.0,245.0,241.0,245.0,,
523,2018-02-26,247.0,247.5,245.0,246.5,,
524,2018-02-27,250.5,250.5,246.0,246.0,,
525,2018-03-01,244.0,245.0,242.0,243.0,,
526,2018-03-02,240.0,241.0,238.5,240.0,,
527,2018-03-05,242.5,243.0,240.5,241.5,,
528,2018-03-06,245.5,250.0,245.5,250.0,,
529,2018-03-07,248.0,248.5,246.0,247.0,,
530,2018-03-08,249.5,251.5,249.0,249.5,,
531,2018-03-09,250.0,251.0,248.5,250.5,,
532,2018-03-12,252.0,255.0,251.5,254.0,,
533,2018-03-13,255.5,259.0,255.0,259.0,,DOWN
534,2018-03-14,256.5,257.5,255.5,257.0,,DOWN
535,2018-03-15,258.0,258.0,255.0,255.0,,DOWN
536,2018-03-16,253.0,256.0,249.5,255.0,,DOWN
537,2018-03-19,252.5,255.5,251.0,255.0,,DOWN
538,2018-03-20,253.0,254.0,251.5,253.0,,DOWN
539,2018-03-21,255.0,255.0,251.0,252.5,,DOWN
540,2018-03-22,254.5,254.5,249.5,251.5,,DOWN
541,2018-03-23,245.0,247.0,244.0,245.0,,DOWN
542,2018-03-26,241.5,244.5,241.5,243.5,,DOWN
543,2018-03-27,248.0,251.0,247.0,251.0,,DOWN
544,2018-03-28,247.5,248.0,244.0,245.0,,DOWN
545,2018-03-29,243.0,247.0,242.5,244.0,,DOWN
546,2018-03-30,247.5,249.5,246.0,246.0,,DOWN
547,2018-03-31,247.5,249.0,246.5,247.5,,DOWN
548,2018-04-02,248.5,249.0,245.0,246.5,,DOWN
549,2018-04-03,243.0,244.5,242.0,244.0,,DOWN
550,2018-04-09,248.0,248.0,243.5,245.0,,DOWN
551,2018-04-10,244.5,249.0,243.5,245.5,,DOWN
552,2018-04-11,246.5,248.5,246.5,248.0,,DOWN
553,2018-04-12,248.5,248.5,244.0,245.0,,DOWN
554,2018-04-13,246.0,246.0,244.0,244.5,,DOWN
555,2018-04-16,243.0,244.0,242.0,243.5,,DOWN
556,2018-04-17,243.0,243.5,237.5,238.0,,DOWN
557,2018-04-18,239.5,241.5,236.5,238.0,,DOWN
558,2018-04-19,242.0,244.5,241.0,244.5,,DOWN
559,2018-04-20,228.0,231.5,228.0,229.0,,DOWN
560,2018-04-23,226.5,227.5,225.0,226.5,,DOWN
561,2018-04-24,225.0,227.5,225.0,227.0,,DOWN
562,2018-04-25,225.5,226.0,224.0,225.0,,DOWN
563,2018-04-26,225.0,225.5,221.0,222.0,,DOWN
564,2018-04-27,225.0,225.5,221.0,223.5,,DOWN
565,2018-04-30,224.5,228.0,222.5,227.0,,DOWN
566,2018-05-02,227.0,227.5,222.5,223.0,,DOWN
567,2018-05-03,221.0,222.5,220.0,220.5,,DOWN
568,2018-05-04,221.0,224.0,220.5,223.0,,DOWN
569,2018-05-07,225.0,225.5,221.5,223.5,,DOWN
570,2018-05-08,224.0,228.5,223.5,228.0,,DOWN
571,2018-05-09,228.5,232.0,228.5,229.5,,DOWN
572,2018-05-10,231.0,231.5,229.0,229.5,,DOWN
573,2018-05-11,232.0,234.0,230.5,233.0,,DOWN
574,2018-05-14,234.5,234.5,232.5,233.0,,DOWN
575,2018-05-15,233.5,234.0,229.5,230.5,,DOWN
576,2018-05-16,229.5,230.5,228.5,230.5,,DOWN
577,2018-05-17,231.0,231.5,226.5,226.5,,DOWN
578,2018-05-18,225.5,227.5,223.5,223.5,,DOWN
579,2018-05-21,225.0,230.0,225.0,229.0,,DOWN
580,2018-05-22,230.0,233.5,229.0,229.0,,DOWN
581,2018-05-23,231.5,231.5,228.5,228.5,,DOWN
582,2018-05-24,229.5,230.0,228.5,229.0,,DOWN
583,2018-05-25,228.5,229.5,228.0,228.5,,DOWN
584,2018-05-28,229.5,230.0,226.5,227.0,,DOWN
585,2018-05-29,226.5,226.5,223.5,225.0,,DOWN
586,2018-05-30,224.0,224.0,220.5,221.0,,DOWN
587,2018-05-31,221.5,224.0,220.5,224.0,,DOWN
588,2018-06-01,224.5,226.5,224.0,224.0,,DOWN
589,2018-06-04,227.5,229.0,227.0,229.0,,DOWN
590,2018-06-05,230.0,230.0,226.5,229.0,,DOWN
591,2018-06-06,229.0,230.0,227.0,230.0,,DOWN
592,2018-06-07,231.0,231.5,228.0,230.0,,DOWN
593,2018-06-08,229.0,229.0,226.0,227.0,,DOWN
594,2018-06-11,226.5,227.0,225.0,226.0,,DOWN
595,2018-06-12,225.0,229.0,224.0,229.0,,DOWN
596,2018-06-13,229.0,232.0,228.0,232.0,,DOWN
597,2018-06-14,230.0,230.0,226.5,226.5,,DOWN
598,2018-06-15,225.0,231.0,224.0,231.0,,DOWN
599,2018-06-19,225.5,226.0,224.0,225.0,,DOWN
600,2018-06-20,224.5,227.5,223.5,226.0,,DOWN
601,2018-06-21,227.5,228.0,226.0,226.5,,DOWN
602,2018-06-22,224.5,227.5,224.0,227.5,,DOWN
603,2018-06-25,220.0,220.5,218.0,218.0,,DOWN
604,2018-06-26,215.5,216.0,212.5,214.5,,DOWN
605,2018-06-27,216.0,216.0,212.5,213.0,,DOWN
606,2018-06-28,211.0,214.5,210.0,212.0,UP,
607,2018-06-29,212.0,217.0,212.0,216.5,UP,
608,2018-07-02,218.5,219.0,214.0,214.0,UP,
609,2018-07-03,215.5,218.0,213.5,214.5,UP,
610,2018-07-04,217.0,217.5,215.5,216.0,UP,
611,2018-07-05,214.0,215.0,213.0,214.5,UP,
612,2018-07-06,217.5,217.5,215.0,217.0,UP,
613,2018-07-09,219.5,223.0,218.5,221.5,UP,
614,2018-07-10,223.0,224.0,222.0,222.0,UP,
615,2018-07-11,220.0,220.0,218.0,220.0,UP,
616,2018-07-12,218.0,222.0,218.0,220.5,UP,
617,2018-07-13,222.5,224.5,222.5,224.5,UP,
618,2018-07-16,224.5,225.0,223.5,223.5,UP,
619,2018-07-17,222.5,223.5,221.0,221.5,UP,
620,2018-07-18,223.0,224.0,222.0,223.0,UP,
621,2018-07-19,225.5,227.0,224.5,224.5,UP,
622,2018-07-20,235.0,237.5,233.0,237.5,UP,
623,2018-07-23,239.0,245.0,238.5,241.0,UP,
624,2018-07-24,240.0,241.5,238.5,241.0,UP,
625,2018-07-25,239.0,241.0,239.0,240.5,UP,
626,2018-07-26,241.0,242.5,239.5,241.0,UP,
627,2018-07-27,242.0,244.5,241.0,244.5,UP,
628,2018-07-30,244.5,245.5,244.0,245.5,UP,
629,2018-07-31,243.5,246.0,242.0,246.0,UP,
630,2018-08-01,247.0,248.0,246.5,248.0,UP,
631,2018-08-02,249.0,249.5,243.5,244.5,UP,
632,2018-08-03,246.0,248.0,245.0,247.0,UP,
633,2018-08-06,245.0,247.0,244.0,245.5,UP,
634,2018-08-07,245.0,245.5,241.5,241.5,UP,
635,2018-08-08,245.0,247.5,244.5,247.5,UP,
636,2018-08-09,247.0,248.0,246.0,247.0,UP,
637,2018-08-10,246.5,247.0,244.5,245.0,UP,
638,2018-08-13,241.5,243.0,239.0,240.5,UP,
639,2018-08-14,245.0,245.0,242.5,243.5,UP,
640,2018-08-15,244.5,244.5,239.5,241.5,UP,
641,2018-08-16,238.0,241.5,238.0,239.0,UP,
642,2018-08-17,239.5,241.0,239.0,239.5,UP,
643,2018-08-20,239.5,240.0,238.0,239.5,UP,
644,2018-08-21,239.0,241.0,238.5,241.0,UP,
645,2018-08-22,241.5,242.5,240.5,242.0,UP,
646,2018-08-23,243.0,244.5,243.0,244.5,UP,
647,2018-08-24,245.5,246.0,243.0,243.5,UP,
648,2018-08-27,246.0,246.5,244.5,245.0,UP,
649,2018-08-28,248.5,250.0,248.0,249.5,UP,
650,2018-08-29,253.5,259.0,253.5,259.0,UP,
651,2018-08-30,264.5,268.0,262.5,263.5,UP,
652,2018-08-31,257.5,259.0,254.0,256.0,UP,
653,2018-09-03,259.0,260.0,256.5,257.0,UP,
654,2018-09-04,258.5,259.5,255.5,257.5,UP,
655,2018-09-05,260.0,264.5,259.0,264.0,UP,
656,2018-09-06,268.0,268.0,261.0,261.0,UP,
657,2018-09-07,263.0,264.0,260.5,264.0,UP,
658,2018-09-10,266.5,266.5,262.5,264.5,,DOWN
659,2018-09-11,263.0,263.5,258.0,260.0,,DOWN
660,2018-09-12,261.0,262.0,258.0,260.5,,DOWN
661,2018-09-13,260.0,260.0,253.5,255.0,,DOWN
662,2018-09-14,257.0,261.5,257.0,261.0,,DOWN
663,2018-09-17,262.5,262.5,257.0,258.0,,DOWN
664,2018-09-18,256.5,257.0,254.0,254.5,,DOWN
665,2018-09-19,258.0,260.0,257.0,258.0,,DOWN
666,2018-09-20,261.5,261.5,257.5,260.0,,DOWN
667,2018-09-21,261.5,261.5,258.0,261.5,,DOWN
668,2018-09-25,261.5,264.0,260.5,263.5,,DOWN
669,2018-09-26,263.0,263.5,261.0,263.5,,DOWN
670,2018-09-27,264.0,266.0,262.0,265.0,,DOWN
671,2018-09-28,266.0,266.0,260.0,262.5,,DOWN
672,2018-10-01,262.0,264.0,261.0,263.0,,DOWN
673,2018-10-02,262.0,263.0,257.0,257.5,,DOWN
674,2018-10-03,257.5,260.0,257.0,260.0,,DOWN
675,2018-10-04,257.0,257.5,254.0,254.0,,DOWN
676,2018-10-05,250.0,253.0,248.5,250.0,,DOWN
677,2018-10-08,245.5,246.5,241.0,243.5,,DOWN
678,2018-10-09,243.5,245.0,242.0,244.0,,DOWN
679,2018-10-11,233.5,233.5,227.0,227.5,,DOWN
680,2018-10-12,231.0,237.0,229.0,237.0,,DOWN
681,2018-10-15,234.0,234.0,230.5,230.5,,DOWN
682,2018-10-16,229.5,237.0,229.0,237.0,,DOWN
683,2018-10-17,241.5,243.0,238.0,238.5,,DOWN
684,2018-10-18,238.0,239.0,235.5,236.5,,DOWN
685,2018-10-19,231.0,236.5,230.0,236.0,,DOWN
686,2018-10-22,232.5,238.0,231.5,237.0,,DOWN
687,2018-10-23,232.0,234.0,230.0,230.0,,DOWN
688,2018-10-24,230.0,231.0,227.0,229.5,,DOWN
689,2018-10-25,220.5,222.0,219.5,219.5,,DOWN
690,2018-10-26,223.0,224.0,217.0,221.0,,
691,2018-10-29,223.0,224.0,221.0,222.5,,
692,2018-10-30,221.0,225.0,220.5,223.0,,
693,2018-10-31,228.0,234.0,228.0,234.0,,
694,2018-11-01,236.0,237.0,233.0,235.5,,
695,2018-11-02,236.5,236.5,233.5,236.5,,DOWN
696,2018-11-05,233.0,235.5,232.0,235.0,,DOWN
697,2018-11-06,234.0,235.5,232.5,234.5,,DOWN
698,2018-11-07,233.0,236.0,232.5,234.0,,DOWN
699,2018-11-08,237.5,237.5,236.0,236.5,,DOWN
700,2018-11-09,234.5,234.5,231.0,231.0,,DOWN
701,2018-11-12,230.0,234.5,230.0,231.5,,DOWN
702,2018-11-13,224.5,228.0,224.5,227.5,,DOWN
703,2018-11-14,230.0,231.0,228.5,228.5,,DOWN
704,2018-11-15,229.5,232.0,228.5,231.0,,DOWN
705,2018-11-16,229.0,229.0,225.0,226.0,,DOWN
706,2018-11-19,225.0,225.0,221.0,222.0,,DOWN
707,2018-11-20,219.0,220.5,218.0,218.0,,DOWN
708,2018-11-21,214.5,220.0,214.0,219.0,,DOWN
709,2018-11-22,221.5,222.0,219.0,219.0,,DOWN
710,2018-11-23,220.5,220.5,217.0,218.5,,DOWN
711,2018-11-26,219.0,224.0,218.5,223.0,,DOWN
712,2018-11-27,220.0,224.5,219.0,224.0,,DOWN
713,2018-11-28,222.5,227.0,222.0,226.5,,DOWN
714,2018-11-29,231.5,231.5,229.0,229.0,,DOWN
715,2018-11-30,229.5,231.0,225.5,225.5,,DOWN
716,2018-12-03,231.0,235.0,231.0,235.0,,DOWN
717,2018-12-04,233.0,234.5,231.0,234.0,,DOWN
718,2018-12-05,226.5,227.5,225.0,226.0,,DOWN
719,2018-12-06,220.0,222.0,219.5,220.0,,DOWN
720,2018-12-07,222.5,223.5,220.5,221.0,,DOWN
721,2018-12-10,219.5,220.0,218.5,219.0,,DOWN
722,2018-12-11,220.0,223.0,219.0,222.5,,DOWN
723,2018-12-12,223.5,227.0,222.5,226.5,,DOWN
724,2018-12-13,227.0,227.5,225.0,226.0,,DOWN
725,2018-12-14,223.0,223.5,220.5,222.5,,DOWN
726,2018-12-17,221.0,225.0,220.0,223.5,,DOWN
727,2018-12-18,221.0,223.0,220.5,222.5,,DOWN
728,2018-12-19,222.0,225.5,222.0,225.5,,DOWN
729,2018-12-20,221.0,222.5,221.0,221.0,,DOWN
730,2018-12-21,219.0,224.0,219.0,223.5,,DOWN
731,2018-12-22,220.0,221.5,220.0,221.5,,DOWN
732,2018-12-24,221.5,221.5,219.5,220.0,,DOWN
733,2018-12-25,215.5,218.0,215.0,217.5,,DOWN
734,2018-12-26,218.5,219.5,216.0,216.5,,DOWN
735,2018-12-27,222.0,224.0,220.5,223.0,,DOWN
736,2018-12-28,223.5,225.5,222.5,225.5,,DOWN
737,2019-01-02,226.5,226.5,219.0,219.5,,DOWN
738,2019-01-03,214.0,218.0,214.0,215.5,,DOWN
739,2019-01-04,211.5,211.5,206.5,208.0,UP,
740,2019-01-07,212.0,214.0,211.0,213.0,UP,
741,2019-01-08,212.0,212.5,210.0,211.0,UP,
742,2019-01-09,212.0,216.5,211.0,215.5,UP,
743,2019-01-10,216.0,216.5,214.5,216.0,UP,
744,2019-01-11,219.0,220.5,218.0,220.5,UP,
745,2019-01-14,218.5,220.0,217.0,218.5,UP,
746,2019-01-15,216.5,221.0,215.5,221.0,UP,
747,2019-01-16,218.5,220.0,217.5,217.5,UP,
748,2019-01-17,218.0,221.0,218.0,220.5,UP,
749,2019-01-18,219.0,220.0,217.5,218.5,UP,
750,2019-01-21,220.0,223.0,220.0,221.0,UP,
751,2019-01-22,220.0,223.0,219.0,223.0,UP,
752,2019-01-23,221.5,222.0,220.0,220.5,UP,
753,2019-01-24,222.5,222.5,220.5,222.5,UP,
754,2019-01-25,226.5,227.0,225.0,226.0,UP,
755,2019-01-28,229.5,229.5,228.0,229.0,UP,
756,2019-01-29,222.5,225.0,222.0,222.5,UP,
757,2019-01-30,220.5,221.5,220.0,221.0,UP,
758,2019-02-11,228.0,229.0,226.5,228.0,UP,
759,2019-02-12,230.0,230.0,229.0,230.0,UP,
760,2019-02-13,232.0,232.0,228.5,229.0,UP,
761,2019-02-14,229.5,230.0,226.0,227.0,UP,
762,2019-02-15,229.0,229.0,226.5,227.0,UP,
763,2019-02-18,229.0,230.5,228.5,230.0,UP,
764,2019-02-19,230.0,230.5,229.0,229.0,UP,
765,2019-02-20,231.5,234.5,231.0,234.5,UP,
766,2019-02-21,235.5,236.5,234.5,236.5,UP,
767,2019-02-22,235.5,236.5,234.0,236.5,UP,
768,2019-02-25,237.5,239.0,236.0,238.0,UP,
769,2019-02-26,239.0,240.0,236.5,239.5,UP,
770,2019-02-27,238.5,239.5,237.0,239.0,UP,
771,2019-03-04,239.5,239.5,234.5,235.5,UP,
772,2019-03-05,234.0,234.5,232.5,233.0,UP,
773,2019-03-06,235.0,235.5,233.5,234.0,UP,
774,2019-03-07,235.0,235.0,233.0,234.0,UP,
775,2019-03-08,231.0,231.5,229.0,230.0,UP,
776,2019-03-11,228.0,230.5,227.5,230.5,UP,
777,2019-03-12,233.0,237.0,232.5,235.5,UP,
778,2019-03-13,234.0,237.0,234.0,237.0,UP,
779,2019-03-14,239.0,239.0,234.0,234.5,UP,
780,2019-03-15,237.0,239.5,235.5,239.0,UP,
781,2019-03-18,239.5,241.0,239.0,241.0,UP,
782,2019-03-19,239.0,240.5,238.0,240.5,UP,
783,2019-03-20,242.0,242.0,239.5,242.0,UP,
784,2019-03-21,242.5,245.5,241.0,245.5,UP,
785,2019-03-22,248.0,248.5,244.5,248.5,UP,
786,2019-03-25,240.5,243.5,240.5,241.5,UP,
787,2019-03-26,243.0,244.0,241.0,244.0,UP,
788,2019-03-27,242.0,242.5,240.5,241.5,UP,
789,2019-03-28,240.5,242.5,240.0,242.0,UP,
790,2019-03-29,243.0,245.5,240.5,245.5,UP,
791,2019-04-01,251.0,251.0,245.0,245.5,UP,
792,2019-04-02,249.5,249.5,246.0,246.0,UP,
793,2019-04-03,249.0,249.0,246.5,246.5,UP,
794,2019-04-08,251.0,253.0,250.5,253.0,UP,
795,2019-04-09,253.0,254.0,252.0,254.0,UP,
796,2019-04-10,253.0,254.5,252.0,254.0,UP,
797,2019-04-11,253.0,254.0,251.5,252.0,UP,
798,2019-04-12,251.5,253.0,251.0,252.0,UP,
799,2019-04-15,255.0,256.0,254.0,255.5,UP,
800,2019-04-16,257.0,257.0,255.5,257.0,UP,
801,2019-04-17,260.0,263.0,259.5,261.5,UP,
802,2019-04-18,264.0,266.0,263.5,264.5,UP,
803,2019-04-19,269.0,269.5,263.5,264.5,UP,
804,2019-04-22,266.5,267.5,265.0,266.0,UP,
805,2019-04-23,266.5,268.0,266.0,268.0,UP,
806,2019-04-24,270.0,270.0,267.5,269.0,,DOWN
807,2019-04-25,268.5,269.0,267.0,267.5,,DOWN
808,2019-04-26,262.0,263.0,257.5,260.0,,DOWN
809,2019-04-29,260.0,262.0,258.5,259.5,,DOWN
810,2019-04-30,260.0,260.5,258.0,259.0,,DOWN
811,2019-05-02,261.5,262.5,258.5,259.0,,DOWN
812,2019-05-03,262.0,265.0,260.5,265.0,,DOWN
813,2019-05-06,260.0,260.0,258.0,259.0,,DOWN
814,2019-05-07,259.5,263.0,259.0,262.5,,DOWN
815,2019-05-08,260.0,261.5,259.5,260.0,,DOWN
816,2019-05-09,259.5,259.5,256.0,256.5,,DOWN
817,2019-05-10,257.0,259.0,255.0,256.0,,DOWN
818,2019-05-13,253.0,254.0,249.5,250.5,,DOWN
819,2019-05-14,247.5,251.0,245.0,248.5,,DOWN
820,2019-05-15,251.0,252.0,249.0,249.0,,DOWN
821,2019-05-16,248.5,249.5,246.0,247.0,,DOWN
822,2019-05-17,249.0,249.0,241.5,241.5,,DOWN
823,2019-05-20,242.5,243.0,238.0,238.0,,DOWN
824,2019-05-21,233.5,236.0,232.5,234.0,,DOWN
825,2019-05-22,236.5,240.5,235.5,238.0,,DOWN
826,2019-05-23,233.5,233.5,230.0,230.0,,DOWN
827,2019-05-24,230.0,234.0,230.0,233.0,,DOWN
828,2019-05-27,234.0,235.0,231.0,231.0,,DOWN
829,2019-05-28,232.0,232.0,230.5,230.5,,DOWN
830,2019-05-29,228.0,230.5,227.0,229.5,,DOWN
831,2019-05-30,230.0,231.5,229.0,231.0,,
832,2019-05-31,232.0,237.5,231.0,235.5,,
833,2019-06-03,235.5,238.5,232.0,238.0,,
834,2019-06-04,237.5,238.0,233.0,233.0,,
835,2019-06-05,238.0,238.0,234.0,235.0,,
836,2019-06-06,231.5,232.0,229.5,232.0,,
837,2019-06-10,237.5,240.0,234.5,240.0,,
838,2019-06-11,240.0,246.0,239.0,244.5,,
839,2019-06-12,244.5,247.5,243.0,246.0,,
840,2019-06-13,242.5,244.0,240.0,240.0,,
841,2019-06-14,238.5,239.5,236.0,236.0,,
842,2019-06-17,231.5,235.0,230.5,233.0,,
843,2019-06-18,234.0,235.5,233.0,235.5,,
844,2019-06-19,242.5,244.0,240.5,244.0,,
845,2019-06-20,242.0,245.5,241.0,245.0,,
846,2019-06-21,248.0,248.5,246.0,248.5,,
847,2019-06-24,241.0,242.0,240.0,241.0,,
848,2019-06-25,241.0,241.5,237.0,238.5,,
849,2019-06-26,235.0,236.5,234.0,234.5,UP,
850,2019-06-27,236.0,241.5,236.0,240.5,UP,
851,2019-06-28,241.5,241.5,238.0,239.0,UP,
852,2019-07-01,245.5,250.0,245.0,248.5,UP,
853,2019-07-02,249.5,250.0,247.5,249.0,UP,
854,2019-07-03,244.0,245.0,242.0,242.5,UP,
855,2019-07-04,244.5,245.0,242.5,244.0,UP,
856,2019-07-05,244.5,245.0,241.5,243.0,UP,
857,2019-07-08,240.0,244.5,240.0,242.5,UP,
858,2019-07-09,241.5,243.0,240.5,242.0,UP,
859,2019-07-10,243.0,247.0,243.0,247.0,UP,
860,2019-07-11,250.0,250.0,247.5,250.0,UP,
861,2019-07-12,252.0,252.0,249.5,250.5,UP,
862,2019-07-15,251.0,254.5,249.5,254.5,UP,
863,2019-07-16,254.0,256.5,253.5,256.0,UP,
864,2019-07-17,254.0,254.0,251.0,252.0,UP,
865,2019-07-18,252.0,254.5,251.5,254.0,UP,
866,2019-07-19,259.5,261.0,259.0,259.0,UP,
867,2019-07-22,263.0,264.0,262.0,264.0,UP,
868,2019-07-23,265.5,266.5,262.5,264.0,UP,
869,2019-07-24,266.5,266.5,263.0,265.0,UP,
870,2019-07-25,264.0,265.0,261.5,265.0,UP,
871,2019-07-26,261.0,262.5,261.0,261.0,,
872,2019-07-29,260.0,262.0,259.5,261.0,,
873,2019-07-30,262.5,263.0,260.0,260.0,,
874,2019-07-31,260.0,260.0,257.0,259.5,,
875,2019-08-01,257.5,257.5,255.5,256.5,,
876,2019-08-02,252.0,253.5,250.5,251.5,,
877,2019-08-05,251.0,252.0,245.5,246.5,,
878,2019-08-06,240.0,250.0,240.0,248.5,,
879,2019-08-07,250.0,250.5,246.5,248.0,,
880,2019-08-08,248.0,254.0,248.0,253.5,,
881,2019-08-12,254.5,254.5,251.0,251.0,,
882,2019-08-13,249.0,249.5,246.5,246.5,UP,
883,2019-08-14,252.5,254.0,249.5,249.5,UP,
884,2019-08-15,247.0,248.5,246.0,248.0,UP,
885,2019-08-16,249.5,252.0,248.0,250.0,UP,
886,2019-08-19,251.5,253.0,250.5,252.0,UP,
887,2019-08-20,254.0,254.5,252.5,254.5,UP,
888,2019-08-21,254.5,255.0,253.0,254.5,UP,
889,2019-08-22,257.0,257.5,254.0,254.0,UP,
890,2019-08-23,253.5,254.5,253.0,254.0,UP,
891,2019-08-26,249.0,250.5,248.5,248.5,UP,
892,2019-08-27,250.5,251.0,248.5,250.0,UP,
893,2019-08-28,250.5,253.0,250.5,252.0,UP,
894,2019-08-29,253.0,254.0,251.0,254.0,UP,
895,2019-08-30,256.5,259.0,256.0,259.0,UP,
896,2019-09-02,258.0,258.0,256.0,257.5,UP,
897,2019-09-03,256.5,258.0,253.0,254.0,UP,
898,2019-09-04,254.0,258.0,254.0,257.5,UP,
899,2019-09-05,263.0,263.0,260.5,263.0,UP,
900,2019-09-06,265.0,265.0,263.0,263.5,UP,
901,2019-09-09,265.5,266.0,263.5,265.0,UP,
902,2019-09-10,263.5,264.0,260.5,261.5,UP,
903,2019-09-11,264.0,264.5,260.5,263.0,UP,
904,2019-09-12,265.0,265.0,261.5,262.5,UP,
905,2019-09-16,262.0,265.5,261.5,265.5,UP,
906,2019-09-17,266.5,266.5,264.5,265.0,UP,
907,2019-09-18,267.0,269.5,266.5,267.0,UP,
908,2019-09-19,268.0,268.0,264.0,265.0,UP,
909,2019-09-20,266.0,266.5,264.0,264.0,UP,
910,2019-09-23,264.0,264.0,263.0,264.0,UP,
911,2019-09-24,263.5,265.5,262.0,265.0,UP,
912,2019-09-25,262.5,266.0,262.0,266.0,UP,
913,2019-09-26,269.0,269.5,266.5,268.0,UP,
914,2019-09-27,271.5,272.5,271.0,272.0,UP,
915,2019-10-01,273.0,280.5,273.0,280.0,UP,
916,2019-10-02,280.0,281.0,279.0,279.5,UP,
917,2019-10-03,274.0,277.5,274.0,276.5,UP,
918,2019-10-04,279.5,280.0,275.0,276.5,UP,
919,2019-10-07,279.0,279.5,277.5,278.0,UP,
920,2019-10-08,283.5,286.5,282.5,286.5,UP,
921,2019-10-09,283.5,286.0,282.0,282.0,UP,
922,2019-10-14,291.5,291.5,288.5,290.0,UP,
923,2019-10-15,293.5,296.0,292.0,293.5,UP,
924,2019-10-16,298.0,298.0,293.5,296.5,UP,
925,2019-10-17,295.0,295.5,292.0,293.5,UP,
926,2019-10-18,293.0,295.5,291.0,293.0,UP,
927,2019-10-21,291.0,291.0,288.5,290.0,UP,
928,2019-10-22,292.5,294.0,291.5,294.0,UP,
929,2019-10-23,293.5,293.5,290.5,293.0,UP,
930,2019-10-24,294.5,294.5,291.0,293.0,UP,
931,2019-10-25,294.5,294.5,292.5,293.5,UP,
932,2019-10-28,295.0,295.5,294.0,294.5,UP,
933,2019-10-29,297.0,298.5,296.5,298.5,UP,
934,2019-10-30,298.5,299.5,296.5,299.5,UP,
935,2019-10-31,300.0,301.5,298.5,298.5,UP,
936,2019-11-01,299.5,299.5,296.5,299.0,UP,
937,2019-11-04,302.5,308.0,301.0,307.0,UP,
938,2019-11-05,307.5,310.5,307.0,310.5,UP,
939,2019-11-06,309.0,311.5,308.0,311.0,UP,
940,2019-11-07,310.0,310.0,306.5,309.0,UP,
941,2019-11-08,308.5,309.0,305.5,305.5,UP,
942,2019-11-11,305.0,305.0,300.0,301.0,UP,
943,2019-11-12,302.5,305.0,302.0,305.0,UP,
944,2019-11-13,303.0,304.0,301.5,304.0,UP,
945,2019-11-14,304.5,305.0,302.0,303.5,UP,
946,2019-11-15,305.5,307.5,304.5,307.0,UP,
947,2019-11-18,308.5,311.0,307.0,311.0,UP,
948,2019-11-19,312.5,315.0,311.0,315.0,UP,
949,2019-11-20,314.0,314.0,312.0,313.5,UP,
950,2019-11-21,309.5,311.0,307.0,311.0,UP,
951,2019-11-22,310.0,310.5,308.0,309.0,UP,
952,2019-11-25,310.5,310.5,307.0,307.0,UP,
953,2019-11-26,310.0,310.5,307.0,307.0,UP,
954,2019-11-27,307.5,311.5,307.5,311.0,UP,
955,2019-11-28,310.0,312.0,308.5,309.5,UP,
956,2019-11-29,309.0,309.5,305.0,305.0,UP,
957,2019-12-02,307.0,308.0,306.5,307.5,UP,
958,2019-12-03,305.0,307.0,305.0,307.0,UP,
959,2019-12-04,305.0,306.0,304.0,306.0,UP,
960,2019-12-05,309.0,312.0,309.0,312.0,UP,
961,2019-12-06,315.0,316.0,311.0,313.0,UP,
962,2019-12-09,314.0,316.5,314.0,316.0,UP,
963,2019-12-10,315.0,315.5,312.5,313.5,UP,
964,2019-12-11,314.0,319.0,313.0,319.0,UP,
965,2019-12-12,325.0,334.5,324.0,331.5,UP,
966,2019-12-13,340.0,343.0,338.0,339.0,UP,
967,2019-12-16,336.5,338.5,336.0,336.0,UP,
968,2019-12-17,335.0,345.0,335.0,345.0,,DOWN
969,2019-12-18,341.5,345.0,341.5,344.5,,DOWN
970,2019-12-19,340.0,342.0,335.0,335.0,,DOWN
971,2019-12-20,332.0,333.0,328.5,329.0,,DOWN
972,2019-12-23,329.5,334.0,329.5,334.0,,DOWN
973,2019-12-24,334.0,334.5,332.0,332.0,,DOWN
974,2019-12-25,332.0,334.5,331.0,333.0,,DOWN
975,2019-12-26,333.0,334.0,331.5,333.0,,DOWN
976,2019-12-27,335.0,338.0,335.0,338.0,,DOWN
977,2019-12-30,338.0,339.0,334.0,334.5,,DOWN
978,2019-12-31,331.0,333.5,331.0,331.0,,DOWN
979,2020-01-02,332.5,339.0,332.5,339.0,,DOWN
980,2020-01-03,344.0,345.0,335.5,339.5,,DOWN
981,2020-01-06,333.0,334.5,332.0,332.0,,DOWN
982,2020-01-07,332.5,333.0,326.5,329.5,,DOWN
983,2020-01-08,325.0,333.0,325.0,329.5,,DOWN
984,2020-01-09,335.0,337.5,333.5,337.5,,DOWN
985,2020-01-10,340.5,341.0,336.0,339.5,,DOWN
986,2020-01-13,342.0,342.0,339.0,341.5,,DOWN
987,2020-01-14,345.5,346.0,344.5,346.0,,DOWN
988,2020-01-15,345.0,345.0,337.5,340.0,,DOWN
989,2020-01-16,330.0,336.5,330.0,334.5,,DOWN
990,2020-01-17,334.0,335.5,332.0,333.0,,DOWN
991,2020-01-20,334.0,335.5,333.0,333.0,,DOWN
992,2020-01-30,326.0,326.0,316.5,316.5,,DOWN
993,2020-01-31,323.0,323.5,319.0,320.0,,DOWN
994,2020-02-03,315.0,316.5,312.0,315.0,,DOWN
995,2020-02-04,319.0,326.0,318.0,325.0,,DOWN
996,2020-02-05,329.0,329.5,324.5,327.5,,DOWN
997,2020-02-06,329.5,332.5,329.0,332.5,,DOWN
998,2020-02-07,330.0,330.5,326.0,328.0,,DOWN
999,2020-02-10,321.5,328.0,321.0,327.5,,DOWN
1000,2020-02-11,330.5,332.5,330.0,331.5,,DOWN
1001,2020-02-12,333.5,336.0,333.0,335.0,,DOWN
1002,2020-02-13,338.0,338.0,335.0,335.0,,DOWN
1003,2020-02-14,337.0,337.0,334.5,335.0,,DOWN
1004,2020-02-17,331.5,333.0,330.5,331.5,,DOWN
1005,2020-02-18,324.5,326.5,322.0,322.0,,DOWN
1006,2020-02-19,322.5,327.0,322.0,326.5,,DOWN
1007,2020-02-20,328.0,329.0,325.0,325.5,,DOWN
1008,2020-02-21,325.5,326.5,323.0,325.0,,DOWN
1009,2020-02-24,319.5,321.5,319.5,320.0,,DOWN
1010,2020-02-25,320.0,323.5,317.5,322.0,,DOWN
1011,2020-02-26,317.0,320.5,316.5,318.5,,DOWN
1012,2020-02-27,319.0,320.0,315.0,316.0,,DOWN
1013,2020-03-02,308.0,317.0,308.0,311.0,,DOWN
1014,2020-03-03,318.5,320.0,316.0,317.5,,DOWN
1015,2020-03-04,322.0,322.0,317.0,320.5,,DOWN
1016,2020-03-05,325.0,326.0,323.0,323.0,,DOWN
1017,2020-03-06,320.0,320.5,315.0,315.0,,DOWN
1018,2020-03-09,307.5,310.0,305.5,305.5,,DOWN
1019,2020-03-10,301.5,309.0,301.0,307.0,,DOWN
1020,2020-03-11,309.0,310.5,302.0,302.0,,DOWN
1021,2020-03-12,299.0,299.0,287.0,294.0,,DOWN
1022,2020-03-13,275.0,294.0,272.5,290.0,,DOWN
1023,2020-03-16,285.0,291.0,275.5,276.5,,DOWN
1024,2020-03-17,265.0,276.5,265.0,268.0,,DOWN
1025,2020-03-18,269.5,272.5,260.0,260.0,,DOWN
1026,2020-03-19,252.0,253.0,235.5,248.0,,DOWN
1027,2020-03-20,258.5,270.0,256.0,270.0,,
1028,2020-03-23,257.0,262.5,252.0,255.0,,
1029,2020-03-24,268.0,274.0,266.0,267.5,,
1030,2020-03-25,276.5,280.0,274.0,277.0,,
1031,2020-03-26,279.5,280.0,275.5,280.0,,
1032,2020-03-27,284.0,286.0,273.0,273.0,,
1033,2020-03-30,263.5,269.0,262.5,267.5,,
1034,2020-03-31,273.0,274.0,269.5,274.0,,
1035,2020-04-01,276.5,276.5,271.5,271.5,,
1036,2020-04-06,273.0,275.5,270.0,275.5,,
1037,2020-04-07,283.5,284.0,280.5,283.0,,
1038,2020-04-08,285.0,285.5,283.0,285.0,,
1039,2020-04-09,287.5,288.0,282.5,283.0,,
1040,2020-04-10,280.0,282.0,279.0,279.5,,
1041,2020-04-13,278.5,281.5,278.5,278.5,,
1042,2020-04-14,281.0,285.5,280.0,285.0,,
1043,2020-04-15,287.0,288.5,286.0,287.5,,
1044,2020-04-16,283.0,288.5,283.0,286.5,,
1045,2020-04-17,303.5,308.5,300.5,306.5,,
1046,2020-04-20,308.0,309.0,302.5,304.0,,
1047,2020-04-21,300.5,301.5,293.5,295.0,,
1048,2020-04-22,294.5,295.0,290.5,294.0,,
1049,2020-04-23,300.0,300.0,294.0,295.5,,
1050,2020-04-24,295.5,297.0,294.0,294.0,,
1051,2020-04-27,298.0,298.5,296.0,298.0,,
1052,2020-04-28,298.5,298.5,294.5,296.5,,
1053,2020-04-29,299.0,301.5,298.0,299.0,,
1054,2020-04-30,302.0,305.0,301.5,304.5,,
1055,2020-05-04,294.5,296.5,294.0,295.0,,
1056,2020-05-05,296.5,298.0,295.0,295.5,,
1057,2020-05-06,294.5,296.0,292.5,296.0,,
1058,2020-05-07,294.5,299.0,294.5,297.5,,
1059,2020-05-08,300.0,300.0,296.0,297.5,,
1060,2020-05-11,300.0,301.5,298.5,301.0,,
1061,2020-05-12,297.5,298.5,295.0,295.0,,
1062,2020-05-13,293.0,297.0,292.5,297.0,,
1063,2020-05-14,293.0,295.0,292.5,293.0,,
1064,2020-05-15,297.5,298.5,294.5,298.0,,
1065,2020-05-18,291.0,293.5,290.0,290.0,,
1066,2020-05-19,294.0,294.0,291.5,291.5,,
1067,2020-05-20,293.0,294.0,291.0,294.0,,
1068,2020-05-21,296.0,298.0,295.0,297.5,,
1069,2020-05-22,294.5,295.0,291.0,292.0,,
1070,2020-05-25,290.5,293.0,288.5,292.0,,
1071,2020-05-26,295.0,297.5,293.5,295.5,,
1072,2020-05-27,297.0,298.0,295.5,296.5,,
1073,2020-05-28,298.5,298.5,293.0,294.0,,
1074,2020-05-29,292.0,292.5,290.0,292.0,UP,
1075,2020-06-01,294.0,296.5,293.5,295.5,UP,
1076,2020-06-02,296.0,297.5,296.0,296.5,UP,
1077,2020-06-03,300.0,301.0,298.0,301.0,UP,
1078,2020-06-04,305.0,306.0,304.0,306.0,UP,
1079,2020-06-05,308.5,312.0,308.0,311.5,UP,
1080,2020-06-08,316.0,319.0,315.0,318.0,UP,
1081,2020-06-09,316.5,319.0,314.0,319.0,UP,
1082,2020-06-10,319.0,324.0,318.0,322.5,UP,
1083,2020-06-11,325.5,327.0,318.5,320.5,UP,
1084,2020-06-12,313.0,317.5,312.5,316.0,UP,
1085,2020-06-15,316.0,317.5,308.5,309.5,UP,
1086,2020-06-16,317.0,317.0,314.0,315.0,UP,
1087,2020-06-17,316.5,317.0,313.5,315.0,UP,
1088,2020-06-18,314.5,315.0,313.0,314.5,UP,
1089,2020-06-19,314.0,314.5,312.0,314.5,UP,
1090,2020-06-22,314.5,316.5,312.0,312.0,UP,
1091,2020-06-23,316.0,316.5,312.5,315.0,UP,
1092,2020-06-24,319.0,320.0,316.0,317.5,UP,
1093,2020-06-29,314.0,315.0,310.0,312.0,UP,
1094,2020-06-30,313.5,314.0,311.0,313.0,UP,
1095,2020-07-01,315.0,318.0,314.0,317.5,UP,
1096,2020-07-02,319.0,322.0,318.0,322.0,UP,
1097,2020-07-03,327.0,330.5,326.5,329.5,UP,
1098,2020-07-06,332.5,338.0,332.0,338.0,UP,
1099,2020-07-07,343.5,346.0,338.0,338.5,UP,
1100,2020-07-08,337.5,342.5,337.5,341.0,UP,
1101,2020-07-09,346.0,347.0,343.0,345.0,UP,
1102,2020-07-10,352.5,353.0,345.5,348.5,UP,
1103,2020-07-13,351.0,354.5,350.5,354.5,UP,
1104,2020-07-14,355.0,364.0,354.5,363.5,UP,
1105,2020-07-15,366.0,370.0,361.0,363.0,UP,
1106,2020-07-16,359.0,361.0,353.5,357.5,UP,
1107,2020-07-17,361.0,369.0,360.0,367.0,UP,
1108,2020-07-20,370.0,370.0,362.5,366.0,UP,
1109,2020-07-21,372.5,387.0,371.5,383.0,UP,
1110,2020-07-22,381.0,386.0,379.0,384.0,UP,
1111,2020-07-23,382.0,383.0,379.0,381.5,UP,
1112,2020-07-24,390.0,395.0,382.0,386.0,UP,
1113,2020-07-27,420.5,424.5,416.5,424.5,UP,
1114,2020-07-28,464.0,466.5,428.5,435.0,UP,
1115,2020-07-29,428.0,431.5,419.5,422.0,,
1116,2020-07-30,436.5,441.0,428.5,434.0,,
1117,2020-07-31,426.0,432.0,425.5,425.5,,
1118,2020-08-03,420.5,424.0,415.0,416.0,,
1119,2020-08-04,421.5,425.5,418.5,425.5,,
1120,2020-08-05,430.5,433.5,426.0,429.0,,
1121,2020-08-06,437.5,438.0,431.0,435.0,,
1122,2020-08-07,433.5,434.0,428.0,433.0,,
1123,2020-08-10,427.5,437.5,427.5,435.5,,
1124,2020-08-11,432.0,435.0,429.0,429.0,,
1125,2020-08-12,422.0,423.5,419.0,419.0,,
1126,2020-08-13,428.0,429.0,424.5,429.0,,
1127,2020-08-14,424.0,428.0,423.0,427.0,,
1128,2020-08-17,427.0,435.0,425.5,435.0,,
1129,2020-08-18,440.0,440.5,432.0,433.0,,
1130,2020-08-19,436.0,436.5,427.5,427.5,,
1131,2020-08-20,427.0,427.5,401.0,415.0,,
1132,2020-08-21,421.5,427.0,420.0,424.5,,
1133,2020-08-24,427.5,434.5,425.0,428.0,,
1134,2020-08-25,433.5,436.0,430.5,434.5,,
1135,2020-08-26,435.5,442.0,435.0,442.0,,
1136,2020-08-27,448.0,453.5,444.0,444.0,,
1137,2020-08-28,440.0,440.5,431.0,435.0,,
1138,2020-08-31,437.0,439.5,426.5,426.5,,
1139,2020-09-01,430.0,435.0,428.0,435.0,,
1140,2020-09-02,441.0,441.0,430.5,433.0,,
1141,2020-09-03,439.5,439.5,433.5,436.0,,
1142,2020-09-04,427.0,432.5,427.0,429.0,,
1143,2020-09-07,428.0,432.5,425.0,426.0,,
1144,2020-09-08,428.0,433.0,427.5,431.0,,
1145,2020-09-09,425.0,428.0,423.0,427.0,,
1146,2020-09-10,432.5,435.0,430.5,435.0,,
1147,2020-09-11,435.5,436.5,432.5,436.5,,
1148,2020-09-14,436.0,442.0,435.5,441.0,,
1149,2020-09-15,440.5,447.0,439.5,445.0,,
1150,2020-09-16,460.0,462.0,455.5,458.0,,
1151,2020-09-17,453.0,455.0,446.5,448.5,,
1152,2020-09-18,447.0,449.5,443.0,444.0,,
1153,2020-09-21,443.5,450.0,440.0,440.0,,
1154,2020-09-22,440.0,441.0,436.0,437.0,,
1155,2020-09-23,436.0,438.5,432.0,433.5,,
1156,2020-09-24,425.5,429.0,423.0,423.0,,
1157,2020-09-25,427.0,428.0,421.0,424.0,,
1158,2020-09-28,427.0,431.5,424.5,431.5,,
1159,2020-09-29,432.5,435.0,428.0,431.0,,
1160,2020-09-30,430.5,435.0,430.5,433.0,,
1161,2020-10-05,438.0,438.0,431.5,432.5,,
1162,2020-10-06,441.5,442.0,437.5,439.5,,
1163,2020-10-07,435.0,445.0,435.0,443.0,,
1164,2020-10-08,450.0,454.0,448.5,453.0,,
1165,2020-10-12,458.0,462.0,457.5,460.0,,
1166,2020-10-13,465.0,465.0,456.5,462.0,,
1167,2020-10-14,460.5,461.0,457.0,459.0,,
1168,2020-10-15,456.0,456.5,450.0,453.0,,
1169,2020-10-16,451.0,456.0,448.5,449.0,,
1170,2020-10-19,453.0,457.5,451.0,457.5,,
1171,2020-10-20,455.5,457.0,451.0,451.0,,
1172,2020-10-21,453.5,456.0,451.0,453.0,,
1173,2020-10-22,450.0,455.0,449.5,455.0,,
1174,2020-10-23,458.0,458.0,451.5,452.0,,
1175,2020-10-26,455.0,455.0,450.0,450.0,,
1176,2020-10-27,447.5,448.5,445.5,447.0,,
1177,2020-10-28,445.0,447.0,443.0,444.0,,
1178,2020-10-29,436.5,439.5,435.5,437.0,,
1179,2020-10-30,437.0,437.0,432.0,432.0,UP,
1180,2020-11-02,433.0,435.5,428.0,435.5,UP,
1181,2020-11-03,439.5,443.0,438.0,441.0,UP,
1182,2020-11-04,444.5,451.5,443.0,450.0,UP,
1183,2020-11-05,451.5,451.5,445.5,451.0,UP,
1184,2020-11-06,455.0,455.5,450.0,452.5,UP,
1185,2020-11-09,458.0,460.0,454.0,458.5,UP,
1186,2020-11-10,452.0,454.5,448.5,451.0,UP,
1187,2020-11-11,448.5,457.0,448.5,457.0,UP,
1188,2020-11-12,463.0,463.5,457.5,458.0,UP,
1189,2020-11-13,459.0,462.0,456.5,462.0,UP,
1190,2020-11-16,470.0,484.5,469.0,484.0,UP,
1191,2020-11-17,502.0,506.0,485.5,485.5,UP,
1192,2020-11-18,490.0,497.0,486.5,497.0,UP,
1193,2020-11-19,499.0,499.0,490.0,490.0,UP,
1194,2020-11-20,486.0,490.0,486.0,488.0,UP,
1195,2020-11-23,494.5,498.5,492.0,496.5,UP,
1196,2020-11-24,499.5,500.0,491.5,492.0,UP,
1197,2020-11-25,495.0,495.5,487.0,487.0,UP,
1198,2020-11-26,489.0,493.5,488.0,489.0,UP,
1199,2020-11-27,487.5,492.0,486.5,489.0,UP,
1200,2020-11-30,493.0,493.5,480.5,480.5,UP,
1201,2020-12-01,489.5,490.0,483.5,490.0,UP,
1202,2020-12-02,499.5,500.0,493.5,499.0,UP,
1203,2020-12-03,499.5,499.5,495.0,497.0,UP,
1204,2020-12-04,498.5,505.0,497.5,503.0,UP,
1205,2020-12-07,512.0,515.0,506.0,514.0,UP,
1206,2020-12-08,514.0,525.0,509.0,524.0,UP,
1207,2020-12-09,521.0,524.0,520.0,520.0,UP,
1208,2020-12-10,511.0,515.0,510.0,512.0,UP,
1209,2020-12-11,517.0,517.0,505.0,516.0,UP,
1210,2020-12-14,512.0,513.0,508.0,508.0,UP,
1211,2020-12-15,507.0,510.0,504.0,504.0,UP,
1212,2020-12-16,509.0,515.0,507.0,512.0,UP,
1213,2020-12-17,515.0,515.0,508.0,508.0,UP,
1214,2020-12-18,508.0,512.0,507.0,510.0,UP,
1215,2020-12-21,512.0,517.0,508.0,516.0,UP,
1216,2020-12-22,512.0,516.0,509.0,509.0,UP,
1217,2020-12-23,508.0,511.0,506.0,509.0,UP,
1218,2020-12-24,511.0,512.0,508.0,510.0,UP,
1219,2020-12-25,514.0,515.0,510.0,511.0,UP,
1220,2020-12-28,512.0,515.0,509.0,515.0,UP,
1221,2020-12-29,515.0,517.0,513.0,515.0,UP,
1222,2020-12-30,516.0,525.0,514.0,525.0,UP,
1223,2020-12-31,526.0,530.0,524.0,530.0,UP,
1224,2021-01-04,530.0,540.0,528.0,536.0,UP,
1225,2021-01-05,536.0,542.0,535.0,542.0,UP,
1226,2021-01-06,555.0,555.0,541.0,549.0,UP,
1227,2021-01-07,554.0,570.0,553.0,565.0,UP,
1228,2021-01-08,580.0,580.0,571.0,580.0,UP,
1229,2021-01-11,577.0,584.0,574.0,584.0,UP,
1230,2021-01-12,583.0,597.0,582.0,591.0,UP,
1231,2021-01-13,595.0,605.0,593.0,605.0,UP,
1232,2021-01-14,587.0,597.0,587.0,592.0,UP,
1233,2021-01-15,621.0,625.0,601.0,601.0,UP,
1234,2021-01-18,608.0,608.0,594.0,607.0,UP,
1235,2021-01-19,618.0,632.0,613.0,627.0,UP,
1236,2021-01-20,633.0,650.0,631.0,647.0,UP,
1237,2021-01-21,640.0,679.0,640.0,673.0,UP,
1238,2021-01-22,649.0,665.0,649.0,649.0,UP,
1239,2021-01-25,642.0,646.0,626.0,633.0,UP,
1240,2021-01-26,632.0,640.0,610.0,617.0,UP,
1241,2021-01-27,618.0,625.0,611.0,615.0,UP,
1242,2021-01-28,600.0,608.0,598.0,601.0,UP,
1243,2021-01-29,619.0,619.0,591.0,591.0,UP,
1244,2021-02-01,595.0,612.0,587.0,611.0,UP,
1245,2021-02-02,629.0,638.0,622.0,632.0,UP,
1246,2021-02-03,638.0,642.0,630.0,630.0,UP,
1247,2021-02-04,626.0,632.0,620.0,627.0,UP,
1248,2021-02-05,638.0,641.0,631.0,632.0,UP,
1249,2021-02-17,663.0,668.0,660.0,663.0,,DOWN
1250,2021-02-18,664.0,665.0,656.0,660.0,,DOWN
1251,2021-02-19,656.0,657.0,647.0,652.0,,DOWN
1252,2021-02-22,660.0,662.0,650.0,650.0,,DOWN
1253,2021-02-23,641.0,643.0,633.0,641.0,,DOWN
1254,2021-02-24,627.0,636.0,625.0,625.0,,DOWN
1255,2021-02-25,636.0,636.0,628.0,635.0,,DOWN
1256,2021-02-26,611.0,618.0,606.0,606.0,,DOWN
1257,2021-03-02,621.0,622.0,609.0,609.0,,DOWN
1258,2021-03-03,609.0,622.0,601.0,622.0,,DOWN
1259,2021-03-04,609.0,611.0,601.0,601.0,,DOWN
1260,2021-03-05,588.0,605.0,584.0,601.0,,DOWN
1261,2021-03-08,608.0,610.0,598.0,598.0,,DOWN
1262,2021-03-09,585.0,595.0,585.0,595.0,,DOWN
1263,2021-03-10,601.0,601.0,593.0,597.0,,DOWN
1264,2021-03-11,596.0,612.0,595.0,609.0,,DOWN
1265,2021-03-12,615.0,618.0,609.0,614.0,,DOWN
1266,2021-03-15,614.0,614.0,609.0,611.0,,DOWN
1267,2021-03-16,610.0,613.0,607.0,613.0,,DOWN
1268,2021-03-17,612.0,612.0,602.0,604.0,,DOWN
1269,2021-03-18,606.0,609.0,602.0,602.0,,DOWN
1270,2021-03-19,594.0,598.0,591.0,591.0,,DOWN
1271,2021-03-22,588.0,598.0,586.0,593.0,,DOWN
1272,2021-03-23,597.0,603.0,593.0,594.0,,DOWN
1273,2021-03-24,571.0,582.0,571.0,576.0,,DOWN
1274,2021-03-25,572.0,581.0,570.0,575.0,,DOWN
1275,2021-03-26,582.0,592.0,580.0,590.0,,DOWN
1276,2021-03-29,599.0,602.0,596.0,599.0,,DOWN
1277,2021-03-30,600.0,600.0,592.0,597.0,,DOWN
1278,2021-03-31,596.0,597.0,587.0,587.0,,DOWN
1279,2021-04-01,598.0,602.0,594.0,602.0,,DOWN
1280,2021-04-06,615.0,616.0,608.0,610.0,,DOWN
1281,2021-04-07,614.0,614.0,608.0,610.0,,DOWN
1282,2021-04-08,606.0,613.0,603.0,613.0,,DOWN
1283,2021-04-09,618.0,618.0,609.0,610.0,,DOWN
1284,2021-04-12,612.0,613.0,603.0,605.0,,DOWN
1285,2021-04-13,604.0,613.0,604.0,605.0,,DOWN
1286,2021-04-14,608.0,612.0,600.0,612.0,,DOWN
1287,2021-04-15,612.0,619.0,607.0,619.0,,DOWN
1288,2021-04-16,610.0,611.0,603.0,610.0,,DOWN
1289,2021-04-19,605.0,607.0,601.0,603.0,,DOWN
1290,2021-04-20,598.0,602.0,595.0,602.0,,DOWN
1291,2021-04-21,599.0,599.0,592.0,592.0,,DOWN
1292,2021-04-22,596.0,598.0,591.0,591.0,,DOWN
1293,2021-04-23,592.0,602.0,590.0,602.0,,DOWN
1294,2021-04-26,605.0,610.0,603.0,610.0,,DOWN
1295,2021-04-27,608.0,611.0,605.0,610.0,,DOWN
1296,2021-04-28,606.0,608.0,601.0,602.0,,DOWN
1297,2021-04-29,609.0,609.0,600.0,600.0,,DOWN
1298,2021-05-03,595.0,597.0,588.0,588.0,,DOWN
1299,2021-05-04,588.0,594.0,582.0,591.0,,DOWN
1300,2021-05-05,594.0,594.0,585.0,585.0,,DOWN
1301,2021-05-06,590.0,590.0,580.0,587.0,,DOWN
1302,2021-05-07,594.0,600.0,589.0,599.0,,DOWN
1303,2021-05-10,596.0,597.0,588.0,589.0,,DOWN
1304,2021-05-11,579.0,580.0,570.0,571.0,,DOWN
1305,2021-05-12,567.0,571.0,518.0,560.0,,DOWN
1306,2021-05-13,547.0,563.0,541.0,547.0,,DOWN
1307,2021-05-14,556.0,562.0,552.0,557.0,,
1308,2021-05-17,544.0,558.0,541.0,549.0,,
1309,2021-05-18,563.0,573.0,555.0,572.0,,
1310,2021-05-19,571.0,572.0,565.0,567.0,,
1311,2021-05-20,567.0,571.0,560.0,567.0,,
1312,2021-05-21,572.0,577.0,568.0,573.0,,
1313,2021-05-24,570.0,572.0,566.0,568.0,,
1314,2021-05-25,576.0,584.0,573.0,583.0,,
1315,2021-05-26,587.0,588.0,581.0,585.0,,
1316,2021-05-27,580.0,582.0,573.0,582.0,,
1317,2021-05-28,587.0,592.0,582.0,590.0,,
1318,2021-05-31,595.0,597.0,590.0,597.0,,
1319,2021-06-01,598.0,599.0,595.0,598.0,,
1320,2021-06-02,600.0,600.0,593.0,595.0,,
1321,2021-06-03,600.0,600.0,596.0,596.0,,
1322,2021-06-04,591.0,595.0,590.0,595.0,,
1323,2021-06-07,594.0,595.0,583.0,592.0,,
1324,2021-06-08,590.0,595.0,588.0,589.0,,
1325,2021-06-09,586.0,588.0,583.0,586.0,,
1326,2021-06-10,591.0,599.0,587.0,599.0,,
1327,2021-06-11,602.0,603.0,600.0,602.0,,
1328,2021-06-15,607.0,609.0,606.0,609.0,,
1329,2021-06-16,608.0,608.0,605.0,605.0,,
1330,2021-06-17,601.0,606.0,598.0,606.0,,
1331,2021-06-18,608.0,608.0,601.0,603.0,,
1332,2021-06-21,590.0,594.0,583.0,583.0,,
1333,2021-06-22,585.0,588.0,578.0,578.0,,
1334,2021-06-23,583.0,598.0,581.0,595.0,,
1335,2021-06-24,598.0,598.0,588.0,590.0,,
1336,2021-06-25,598.0,598.0,589.0,591.0,,
1337,2021-06-28,590.0,590.0,586.0,590.0,,
1338,2021-06-29,598.0,598.0,591.0,595.0,,
1339,2021-06-30,599.0,599.0,595.0,595.0,,
1340,2021-07-01,596.0,597.0,591.0,593.0,,
1341,2021-07-02,590.0,593.0,587.0,588.0,,
1342,2021-07-05,588.0,597.0,588.0,591.0,,
1343,2021-07-06,595.0,596.0,589.0,592.0,,
1344,2021-07-07,590.0,594.0,588.0,594.0,,
1345,2021-07-08,595.0,595.0,588.0,588.0,,
1346,2021-07-09,582.0,585.0,580.0,584.0,,
1347,2021-07-12,595.0,597.0,590.0,593.0,,
1348,2021-07-13,600.0,608.0,599.0,607.0,,
1349,2021-07-14,613.0,615.0,608.0,613.0,,
1350,2021-07-15,613.0,614.0,608.0,614.0,,
1351,2021-07-16,591.0,595.0,588.0,589.0,,
1352,2021-07-19,583.0,584.0,578.0,582.0,,
1353,2021-07-20,579.0,584.0,579.0,581.0,,
1354,2021-07-21,586.0,586.0,580.0,585.0,,
1355,2021-07-22,589.0,594.0,587.0,591.0,,
1356,2021-07-23,592.0,592.0,583.0,585.0,,
1357,2021-07-26,591.0,591.0,580.0,580.0,,
1358,2021-07-27,581.0,584.0,580.0,580.0,,
1359,2021-07-28,576.0,579.0,573.0,579.0,,
1360,2021-07-29,585.0,585.0,577.0,583.0,,
1361,2021-07-30,581.0,582.0,578.0,580.0,,
1362,2021-08-02,583.0,590.0,580.0,590.0,,
1363,2021-08-03,594.0,594.0,590.0,594.0,,
1364,2021-08-04,598.0,598.0,594.0,596.0,,
1365,2021-08-05,598.0,598.0,593.0,596.0,,
1366,2021-08-06,596.0,596.0,588.0,591.0,,
1367,2021-08-09,590.0,595.0,583.0,595.0,,
1368,2021-08-10,596.0,596.0,589.0,591.0,,
1369,2021-08-11,590.0,590.0,585.0,590.0,,
1370,2021-08-12,586.0,588.0,584.0,586.0,,
1371,2021-08-13,585.0,585.0,579.0,581.0,,
1372,2021-08-16,582.0,586.0,578.0,584.0,,
1373,2021-08-17,580.0,582.0,578.0,580.0,,
1374,2021-08-18,568.0,575.0,566.0,574.0,,
1375,2021-08-19,573.0,573.0,559.0,559.0,,
1376,2021-08-20,560.0,563.0,551.0,552.0,,
1377,2021-08-23,560.0,572.0,559.0,566.0,,
1378,2021-08-24,574.0,575.0,571.0,572.0,,
1379,2021-08-25,579.0,585.0,574.0,585.0,,
1380,2021-08-26,601.0,603.0,591.0,594.0,,
1381,2021-08-27,596.0,600.0,593.0,599.0,,
1382,2021-08-30,602.0,605.0,599.0,605.0,,
1383,2021-08-31,604.0,614.0,598.0,614.0,,
1384,2021-09-01,614.0,614.0,608.0,613.0,,
1385,2021-09-02,613.0,615.0,607.0,607.0,,
1386,2021-09-03,610.0,620.0,610.0,620.0,,
1387,2021-09-06,623.0,638.0,621.0,631.0,,
1388,2021-09-07,634.0,634.0,623.0,623.0,,
1389,2021-09-08,622.0,627.0,612.0,619.0,,
1390,2021-09-09,612.0,620.0,610.0,619.0,,
1391,2021-09-10,615.0,623.0,614.0,622.0,,
1392,2021-09-13,619.0,620.0,613.0,615.0,,
1393,2021-09-14,618.0,618.0,612.0,613.0,,
1394,2021-09-15,610.0,613.0,607.0,607.0,,
1395,2021-09-16,603.0,607.0,599.0,600.0,,
1396,2021-09-17,600.0,610.0,599.0,600.0,,
1397,2021-09-22,586.0,589.0,583.0,586.0,,
1398,2021-09-23,588.0,593.0,588.0,588.0,,
1399,2021-09-24,591.0,598.0,590.0,598.0,,
1400,2021-09-27,600.0,602.0,593.0,602.0,,
1401,2021-09-28,595.0,596.0,592.0,594.0,,
1402,2021-09-29,580.0,583.0,577.0,580.0,,
1403,2021-09-30,580.0,585.0,575.0,580.0,,
1404,2021-10-01,579.0,579.0,571.0,574.0,,
1405,2021-10-04,574.0,575.0,569.0,572.0,,
1406,2021-10-05,562.0,572.0,560.0,572.0,,
1407,2021-10-06,573.0,574.0,565.0,571.0,UP,
1408,2021-10-07,575.0,582.0,572.0,580.0,UP,
1409,2021-10-08,582.0,583.0,573.0,575.0,UP,
1410,2021-10-12,570.0,575.0,564.0,575.0,UP,
1411,2021-10-13,572.0,575.0,570.0,571.0,UP,
1412,2021-10-14,579.0,579.0,573.0,573.0,UP,
1413,2021-10-15,592.0,600.0,586.0,600.0,UP,
1414,2021-10-18,604.0,604.0,590.0,590.0,UP,
1415,2021-10-19,598.0,600.0,593.0,600.0,UP,
1416,2021-10-20,603.0,604.0,597.0,598.0,UP,
1417,2021-10-21,602.0,603.0,595.0,596.0,UP,
1418,2021-10-22,600.0,602.0,594.0,600.0,UP,
1419,2021-10-25,597.0,597.0,590.0,593.0,UP,
1420,2021-10-26,595.0,600.0,593.0,599.0,UP,
1421,2021-10-27,598.0,599.0,594.0,599.0,UP,
1422,2021-10-28,598.0,598.0,591.0,595.0,UP,
1423,2021-10-29,595.0,596.0,589.0,590.0,UP,
1424,2021-11-01,591.0,593.0,590.0,590.0,UP,
1425,2021-11-02,594.0,597.0,590.0,592.0,UP,
1426,2021-11-03,597.0,597.0,592.0,592.0,UP,
1427,2021-11-04,592.0,594.0,585.0,587.0,UP,
1428,2021-11-05,598.0,600.0,595.0,600.0,UP,
1429,2021-11-08,600.0,602.0,598.0,602.0,UP,
1430,2021-11-09,611.0,617.0,610.0,611.0,UP,
1431,2021-11-10,611.0,612.0,608.0,612.0,UP,
1432,2021-11-11,600.0,606.0,600.0,606.0,UP,
1433,2021-11-12,610.0,611.0,602.0,604.0,UP,
1434,2021-11-15,609.0,611.0,607.0,608.0,UP,
1435,2021-11-16,612.0,612.0,608.0,610.0,UP,
1436,2021-11-17,615.0,615.0,608.0,610.0,UP,
1437,2021-11-18,613.0,614.0,607.0,613.0,UP,
1438,2021-11-19,622.0,623.0,617.0,618.0,UP,
1439,2021-11-22,618.0,618.0,615.0,615.0,UP,
1440,2021-11-23,615.0,615.0,611.0,612.0,UP,
1441,2021-11-24,612.0,612.0,602.0,603.0,UP,
1442,2021-11-25,605.0,607.0,601.0,603.0,UP,
1443,2021-11-26,598.0,601.0,592.0,596.0,UP,
1444,2021-11-29,594.0,598.0,591.0,593.0,UP,
1445,2021-11-30,597.0,600.0,591.0,596.0,UP,
1446,2021-12-01,596.0,603.0,594.0,600.0,UP,
1447,2021-12-02,605.0,615.0,602.0,615.0,UP,
1448,2021-12-03,614.0,614.0,606.0,608.0,UP,
1449,2021-12-06,603.0,609.0,600.0,600.0,UP,
1450,2021-12-07,602.0,607.0,597.0,607.0,UP,
1451,2021-12-08,614.0,614.0,602.0,602.0,UP,
1452,2021-12-09,606.0,608.0,602.0,608.0,UP,
1453,2021-12-10,605.0,608.0,602.0,605.0,UP,
1454,2021-12-13,609.0,610.0,601.0,601.0,UP,
1455,2021-12-14,598.0,600.0,597.0,599.0,UP,
1456,2021-12-15,597.0,601.0,596.0,600.0,UP,
1457,2021-12-16,605.0,605.0,601.0,605.0,UP,
1458,2021-12-17,601.0,607.0,599.0,607.0,UP,
1459,2021-12-20,607.0,607.0,598.0,598.0,UP,
1460,2021-12-21,597.0,600.0,595.0,597.0,UP,
1461,2021-12-22,598.0,601.0,598.0,600.0,UP,
1462,2021-12-23,607.0,608.0,602.0,606.0,UP,
1463,2021-12-24,606.0,609.0,604.0,604.0,UP,
1464,2021-12-27,604.0,610.0,604.0,606.0,UP,
1465,2021-12-28,610.0,615.0,610.0,615.0,UP,
1466,2021-12-29,615.0,619.0,614.0,616.0,UP,
1467,2021-12-30,619.0,620.0,615.0,615.0,UP,
1468,2022-01-03,619.0,632.0,618.0,631.0,UP,
1469,2022-01-04,645.0,656.0,644.0,656.0,UP,
1470,2022-01-05,669.0,669.0,646.0,650.0,UP,
1471,2022-01-06,638.0,646.0,636.0,644.0,UP,
1472,2022-01-07,643.0,646.0,632.0,634.0,UP,
1473,2022-01-10,628.0,645.0,627.0,643.0,UP,
1474,2022-01-11,646.0,651.0,639.0,651.0,UP,
1475,2022-01-12,657.0,660.0,650.0,660.0,UP,
1476,2022-01-13,658.0,662.0,655.0,661.0,UP,
1477,2022-01-14,673.0,673.0,661.0,672.0,UP,
1478,2022-01-17,685.0,688.0,678.0,683.0,,DOWN
1479,2022-01-18,678.0,681.0,662.0,662.0,,DOWN
1480,2022-01-19,652.0,660.0,651.0,654.0,,DOWN
1481,2022-01-20,650.0,657.0,646.0,651.0,,DOWN
1482,2022-01-21,644.0,646.0,637.0,641.0,,DOWN
1483,2022-01-24,639.0,655.0,637.0,653.0,,DOWN
1484,2022-01-25,643.0,645.0,638.0,641.0,,DOWN
1485,2022-01-26,635.0,641.0,635.0,636.0,,DOWN
1486,2022-02-07,644.0,644.0,631.0,635.0,,DOWN
1487,2022-02-08,645.0,645.0,628.0,628.0,,DOWN
1488,2022-02-09,635.0,637.0,630.0,633.0,,DOWN
1489,2022-02-10,639.0,649.0,637.0,649.0,,DOWN
1490,2022-02-11,646.0,650.0,642.0,650.0,,DOWN
1491,2022-02-14,640.0,641.0,635.0,637.0,,DOWN
1492,2022-02-15,633.0,639.0,633.0,633.0,,DOWN
1493,2022-02-16,645.0,646.0,640.0,646.0,,DOWN
1494,2022-02-17,644.0,646.0,641.0,645.0,,DOWN
1495,2022-02-18,638.0,639.0,636.0,637.0,,DOWN
1496,2022-02-21,633.0,636.0,632.0,632.0,,DOWN
1497,2022-02-22,628.0,630.0,625.0,627.0,,DOWN
1498,2022-02-23,624.0,629.0,623.0,625.0,,DOWN
1499,2022-02-24,618.0,619.0,604.0,604.0,,DOWN
1500,2022-02-25,600.0,609.0,600.0,604.0,,DOWN
1501,2022-03-01,599.0,610.0,599.0,604.0,,DOWN
1502,2022-03-02,601.0,605.0,600.0,601.0,,DOWN
1503,2022-03-03,603.0,607.0,601.0,602.0,,DOWN
1504,2022-03-04,595.0,597.0,592.0,595.0,,DOWN
1505,2022-03-07,580.0,581.0,575.0,576.0,,DOWN
1506,2022-03-08,561.0,570.0,561.0,563.0,,DOWN
1507,2022-03-09,567.0,573.0,567.0,568.0,,DOWN
1508,2022-03-10,585.0,589.0,582.0,587.0,,DOWN
1509,2022-03-11,581.0,582.0,574.0,575.0,,DOWN
1510,2022-03-14,574.0,577.0,572.0,572.0,,DOWN
1511,2022-03-15,562.0,563.0,558.0,558.0,,DOWN
1512,2022-03-16,564.0,565.0,555.0,558.0,,DOWN
1513,2022-03-17,578.0,583.0,575.0,582.0,,DOWN
1514,2022-03-18,582.0,582.0,576.0,581.0,,DOWN
1515,2022-03-21,583.0,589.0,583.0,586.0,,DOWN
1516,2022-03-22,577.0,586.0,577.0,583.0,,DOWN
1517,2022-03-23,590.0,590.0,586.0,590.0,,DOWN
1518,2022-03-24,587.0,592.0,585.0,591.0,,DOWN
1519,2022-03-25,597.0,598.0,595.0,598.0,,DOWN
1520,2022-03-28,581.0,586.0,580.0,584.0,,DOWN
1521,2022-03-29,586.0,589.0,584.0,589.0,,DOWN
1522,2022-03-30,599.0,600.0,597.0,600.0,,DOWN
1523,2022-03-31,602.0,602.0,594.0,597.0,,DOWN
1524,2022-04-01,585.0,589.0,584.0,589.0,,DOWN
1525,2022-04-06,578.0,580.0,575.0,578.0,,DOWN
1526,2022-04-07,571.0,573.0,566.0,566.0,,DOWN
1527,2022-04-08,567.0,570.0,566.0,567.0,,DOWN
1528,2022-04-11,563.0,566.0,558.0,558.0,,DOWN
1529,2022-04-12,554.0,564.0,552.0,557.0,,DOWN
1530,2022-04-13,564.0,576.0,563.0,573.0,,DOWN
1531,2022-04-14,577.0,578.0,573.0,573.0,,DOWN
1532,2022-04-15,562.0,566.0,561.0,562.0,,DOWN
1533,2022-04-18,559.0,566.0,558.0,561.0,,DOWN
1534,2022-04-19,566.0,569.0,563.0,565.0,,DOWN
1535,2022-04-20,570.0,570.0,562.0,570.0,,DOWN
1536,2022-04-21,571.0,571.0,565.0,565.0,,DOWN
1537,2022-04-22,558.0,559.0,557.0,558.0,,DOWN
1538,2022-04-25,550.0,552.0,546.0,547.0,,DOWN
1539,2022-04-26,550.0,551.0,544.0,546.0,,DOWN
1540,2022-04-27,530.0,532.0,526.0,526.0,,DOWN
1541,2022-04-28,530.0,532.0,523.0,531.0,,DOWN
1542,2022-04-29,547.0,547.0,535.0,538.0,,DOWN
1543,2022-05-03,538.0,540.0,530.0,531.0,,DOWN
1544,2022-05-04,533.0,537.0,530.0,534.0,,DOWN
1545,2022-05-05,543.0,544.0,539.0,542.0,,DOWN
1546,2022-05-06,528.0,531.0,526.0,528.0,,DOWN
1547,2022-05-09,523.0,524.0,520.0,520.0,,DOWN
1548,2022-05-10,506.0,519.0,505.0,518.0,,DOWN
1549,2022-05-11,518.0,526.0,518.0,521.0,,DOWN
1550,2022-05-12,516.0,518.0,505.0,505.0,,DOWN
1551,2022-05-13,507.0,514.0,506.0,511.0,,DOWN
1552,2022-05-16,521.0,524.0,518.0,520.0,,DOWN
1553,2022-05-17,521.0,533.0,520.0,530.0,,DOWN
1554,2022-05-18,541.0,541.0,534.0,538.0,,DOWN
1555,2022-05-19,523.0,527.0,520.0,522.0,,DOWN
1556,2022-05-20,524.0,532.0,523.0,530.0,,DOWN
1557,2022-05-23,533.0,534.0,528.0,528.0,,DOWN
1558,2022-05-24,530.0,531.0,520.0,520.0,,DOWN
1559,2022-05-25,522.0,529.0,520.0,524.0,,DOWN
1560,2022-05-26,523.0,525.0,513.0,514.0,,DOWN
1561,2022-05-27,524.0,530.0,522.0,530.0,,DOWN
1562,2022-05-30,538.0,547.0,537.0,547.0,,DOWN
1563,2022-05-31,542.0,560.0,540.0,560.0,,DOWN
1564,2022-06-01,550.0,555.0,548.0,549.0,,DOWN
1565,2022-06-02,544.0,545.0,540.0,540.0,,DOWN
1566,2022-06-06,541.0,544.0,538.0,540.0,,DOWN
1567,2022-06-07,535.0,538.0,532.0,535.0,,DOWN
1568,2022-06-08,539.0,545.0,538.0,544.0,,DOWN
1569,2022-06-09,538.0,542.0,537.0,541.0,,DOWN
1570,2022-06-10,530.0,533.0,529.0,530.0,,DOWN
1571,2022-06-13,518.0,519.0,515.0,516.0,,DOWN
1572,2022-06-14,507.0,514.0,507.0,513.0,,DOWN
1573,2022-06-15,508.0,515.0,508.0,509.0,,DOWN
1574,2022-06-16,515.0,516.0,507.0,508.0,,DOWN
1575,2022-06-17,499.5,503.0,499.0,501.0,,DOWN
1576,2022-06-20,500.0,502.0,495.0,498.0,,DOWN
1577,2022-06-21,501.0,505.0,499.0,505.0,,DOWN
1578,2022-06-22,501.0,503.0,494.5,494.5,,DOWN
1579,2022-06-23,492.0,493.5,485.0,485.5,,DOWN
1580,2022-06-24,489.5,492.5,485.5,486.5,,DOWN
1581,2022-06-27,496.0,506.0,495.5,498.5,,DOWN
1582,2022-06-28,496.0,500.0,496.0,497.5,,DOWN
1583,2022-06-29,496.0,498.5,491.0,491.0,,DOWN
1584,2022-06-30,484.5,486.5,476.0,476.0,,DOWN
1585,2022-07-01,471.5,474.0,452.5,453.5,,DOWN
1586,2022-07-04,443.0,451.5,440.0,440.0,,DOWN
1587,2022-07-05,449.5,451.5,433.0,446.0,,DOWN
1588,2022-07-06,442.0,447.5,435.0,435.5,UP,
1589,2022-07-07,442.0,459.0,438.5,457.5,UP,
1590,2022-07-08,470.0,470.5,461.5,467.0,UP,
1591,2022-07-11,468.0,470.5,461.0,462.0,UP,
1592,2022-07-12,458.0,458.0,449.5,449.5,UP,
1593,2022-07-13,470.5,473.0,466.0,470.5,UP,
1594,2022-07-14,466.0,477.5,463.0,475.0,UP,
1595,2022-07-15,481.0,494.0,477.0,492.5,UP,
1596,2022-07-18,495.5,498.5,488.5,495.5,UP,
1597,2022-07-19,487.5,493.0,486.5,491.0,UP,
1598,2022-07-20,502.0,503.0,491.5,495.0,UP,
1599,2022-07-21,496.0,501.0,494.0,501.0,UP,
1600,2022-07-22,505.0,505.0,500.0,503.0,UP,
1601,2022-07-25,500.0,503.0,498.0,499.5,UP,
1602,2022-07-26,499.5,499.5,491.0,495.0,UP,
1603,2022-07-27,494.0,502.0,491.0,502.0,UP,
1604,2022-07-28,509.0,509.0,499.0,501.0,UP,
1605,2022-07-29,508.0,510.0,504.0,509.0,UP,
1606,2022-08-01,506.0,508.0,500.0,504.0,UP,
1607,2022-08-02,494.0,496.0,488.5,492.0,UP,
1608,2022-08-03,494.0,501.0,493.0,501.0,UP,
1609,2022-08-04,499.0,503.0,495.0,500.0,UP,
1610,2022-08-05,509.0,516.0,507.0,516.0,UP,
1611,2022-08-08,510.0,515.0,509.0,512.0,UP,
1612,2022-08-09,507.0,511.0,504.0,510.0,UP,
1613,2022-08-10,500.0,503.0,499.5,500.0,UP,
1614,2022-08-11,513.0,514.0,510.0,514.0,UP,
1615,2022-08-12,515.0,518.0,514.0,517.0,UP,
1616,2022-08-15,520.0,524.0,519.0,523.0,UP,
1617,2022-08-16,526.0,526.0,523.0,525.0,UP,
1618,2022-08-17,524.0,527.0,521.0,527.0,,DOWN
1619,2022-08-18,520.0,521.0,519.0,520.0,,DOWN
1620,2022-08-19,519.0,523.0,517.0,519.0,,DOWN
1621,2022-08-22,511.0,514.0,510.0,510.0,,DOWN
1622,2022-08-23,503.0,506.0,502.0,504.0,,DOWN
1623,2022-08-24,504.0,508.0,503.0,503.0,,DOWN
1624,2022-08-25,505.0,510.0,504.0,508.0,,DOWN
1625,2022-08-26,513.0,515.0,511.0,512.0,,DOWN
1626,2022-08-29,497.0,502.0,496.0,498.5,,DOWN
1627,2022-08-30,497.5,500.0,496.0,496.0,,DOWN
1628,2022-08-31,492.0,505.0,492.0,505.0,,DOWN
1629,2022-09-01,495.0,495.5,490.0,490.5,,DOWN
1630,2022-09-02,488.0,489.5,485.0,485.0,,DOWN
1631,2022-09-05,485.0,488.0,484.0,486.0,,DOWN
1632,2022-09-06,488.5,491.5,486.5,489.0,,DOWN
1633,2022-09-07,477.0,478.0,472.0,472.5,,DOWN
1634,2022-09-08,473.0,475.0,472.0,475.0,,DOWN
1635,2022-09-12,485.0,491.0,485.0,486.5,,DOWN
1636,2022-09-13,495.0,495.0,491.0,493.0,,DOWN
1637,2022-09-14,478.5,482.5,476.0,480.0,,DOWN
1638,2022-09-15,476.0,480.0,476.0,476.5,,DOWN
1639,2022-09-16,470.5,472.0,469.0,472.0,,DOWN
1640,2022-09-19,472.0,473.0,466.5,467.0,,DOWN
1641,2022-09-20,470.5,478.0,470.0,476.5,,DOWN
1642,2022-09-21,473.5,475.5,468.5,471.0,,DOWN
1643,2022-09-22,462.0,468.0,459.0,464.5,,DOWN
1644,2022-09-23,458.5,460.5,455.0,455.0,,DOWN
1645,2022-09-26,443.0,454.0,443.0,446.5,,DOWN
1646,2022-09-27,449.0,451.5,446.0,448.0,,DOWN
1647,2022-09-28,447.0,449.0,438.0,438.0,,DOWN
1648,2022-09-29,443.0,443.5,432.0,435.0,,DOWN
1649,2022-09-30,424.5,427.5,422.0,422.0,,DOWN
1650,2022-10-03,418.5,424.5,416.5,417.0,,DOWN
1651,2022-10-04,429.5,432.0,427.0,429.0,,DOWN
1652,2022-10-05,444.5,451.0,442.0,445.0,,DOWN
1653,2022-10-06,450.5,451.0,447.0,451.0,,DOWN
1654,2022-10-07,448.5,448.5,437.0,438.0,,DOWN
1655,2022-10-11,408.0,412.5,401.0,401.5,,DOWN
1656,2022-10-12,397.0,400.0,395.5,397.5,,DOWN
1657,2022-10-13,400.5,403.0,395.0,395.0,,DOWN
1658,2022-10-14,414.5,416.0,409.0,412.0,,DOWN
1659,2022-10-17,400.0,403.5,396.0,397.0,,DOWN
1660,2022-10-18,406.5,407.0,399.5,407.0,,DOWN
1661,2022-10-19,404.0,405.0,395.5,395.5,,DOWN
1662,2022-10-20,391.0,397.5,386.0,397.5,,DOWN
1663,2022-10-21,395.5,398.5,389.5,389.5,,DOWN
1664,2022-10-24,395.0,397.5,387.0,387.0,,DOWN
1665,2022-10-25,380.0,382.5,371.0,371.0,,DOWN
1666,2022-10-26,370.5,379.0,370.0,376.0,,
1667,2022-10-27,384.5,389.0,382.5,385.5,,
1668,2022-10-28,379.5,382.0,375.0,379.5,,
1669,2022-10-31,386.0,390.0,381.0,390.0,,
1670,2022-11-01,388.5,393.0,386.0,391.5,,
1671,2022-11-02,391.0,395.0,388.5,395.0,,
1672,2022-11-03,385.0,387.0,383.5,384.0,,
1673,2022-11-04,381.0,384.5,378.5,382.0,,
1674,2022-11-07,390.0,393.0,387.0,390.0,,
1675,2022-11-08,395.0,399.5,394.0,399.0,,
1676,2022-11-09,403.5,417.0,403.5,417.0,,
1677,2022-11-10,409.0,411.5,406.0,407.5,,
1678,2022-11-11,441.5,442.0,435.0,441.5,,
1679,2022-11-14,450.0,450.0,441.5,445.0,,
1680,2022-11-15,465.0,487.0,462.0,480.0,,
1681,2022-11-16,491.5,494.0,481.5,487.0,,
1682,2022-11-17,482.5,485.0,475.0,485.0,,
1683,2022-11-18,491.5,494.0,486.0,487.0,,
1684,2022-11-21,487.5,489.5,480.5,482.0,,
1685,2022-11-22,476.0,491.0,476.0,491.0,,
1686,2022-11-23,494.5,496.0,488.5,492.0,,
1687,2022-11-24,494.0,496.0,492.0,496.0,,
1688,2022-11-25,494.0,498.0,494.0,498.0,,DOWN
1689,2022-11-28,486.0,490.0,480.5,480.5,,DOWN
1690,2022-11-29,473.5,488.0,473.0,487.0,,DOWN
1691,2022-11-30,483.0,490.0,482.5,490.0,,DOWN
1692,2022-12-01,506.0,508.0,498.5,498.5,,DOWN
1693,2022-12-02,490.0,497.0,490.0,492.5,,DOWN
1694,2022-12-05,491.5,497.5,489.0,489.0,,DOWN
1695,2022-12-06,488.0,489.0,478.0,478.0,,DOWN
1696,2022-12-07,477.0,485.5,475.0,475.0,,DOWN
1697,2022-12-08,475.0,475.0,467.0,471.5,,DOWN
1698,2022-12-09,478.0,484.5,476.0,481.5,,DOWN
1699,2022-12-12,476.5,478.0,473.5,475.0,,DOWN
1700,2022-12-13,473.0,476.0,471.0,471.5,,DOWN
1701,2022-12-14,472.0,480.5,472.0,480.5,,DOWN
1702,2022-12-15,476.0,481.5,474.5,480.5,,DOWN
1703,2022-12-16,466.5,471.0,465.5,471.0,,DOWN
1704,2022-12-19,466.5,469.5,465.0,466.5,,DOWN
1705,2022-12-20,465.0,467.0,455.0,457.5,,DOWN
1706,2022-12-21,460.0,463.0,457.0,459.0,,DOWN
1707,2022-12-22,466.5,469.0,464.0,468.0,,DOWN
1708,2022-12-23,457.5,458.5,455.0,455.0,,DOWN
1709,2022-12-26,454.0,457.0,453.5,456.5,,DOWN
1710,2022-12-27,458.0,462.5,457.0,457.0,,DOWN
1711,2022-12-28,451.0,452.0,446.0,451.0,,DOWN
1712,2022-12-29,444.0,449.5,442.5,446.0,UP,
1713,2022-12-30,455.0,456.5,448.5,448.5,UP,
1714,2023-01-03,446.0,453.5,443.0,453.0,UP,
1715,2023-01-04,449.5,455.0,448.5,449.5,UP,
1716,2023-01-05,459.0,459.5,455.0,458.5,UP,
1717,2023-01-06,455.0,459.5,455.0,458.5,UP,
1718,2023-01-09,468.0,481.0,467.5,481.0,UP,
1719,2023-01-10,486.0,487.0,483.0,486.0,UP,
1720,2023-01-11,487.0,488.0,482.0,484.5,UP,
1721,2023-01-12,487.5,488.0,484.0,486.5,UP,
1722,2023-01-13,507.0,509.0,499.0,500.0,UP,
1723,2023-01-16,506.0,508.0,503.0,505.0,UP,
1724,2023-01-17,504.0,504.0,499.5,503.0,UP,
1725,2023-01-30,542.0,543.0,534.0,543.0,UP,
1726,2023-01-31,537.0,538.0,521.0,522.0,UP,
1727,2023-02-01,532.0,533.0,522.0,530.0,UP,
1728,2023-02-02,538.0,542.0,537.0,540.0,UP,
1729,2023-02-03,540.0,542.0,536.0,542.0,UP,
1730,2023-02-06,532.0,533.0,526.0,526.0,UP,
1731,2023-02-07,524.0,528.0,522.0,523.0,UP,
1732,2023-02-08,538.0,540.0,534.0,540.0,UP,
1733,2023-02-09,540.0,540.0,536.0,540.0,UP,
1734,2023-02-10,544.0,546.0,541.0,545.0,UP,
1735,2023-02-13,544.0,544.0,538.0,541.0,,
1736,2023-02-14,544.0,546.0,543.0,545.0,,
1737,2023-02-15,526.0,532.0,522.0,525.0,,
1738,2023-02-16,528.0,531.0,524.0,528.0,,
1739,2023-02-17,524.0,524.0,516.0,518.0,,
1740,2023-02-20,514.0,519.0,511.0,517.0,,
1741,2023-02-21,515.0,517.0,513.0,516.0,,
1742,2023-02-22,506.0,509.0,505.0,507.0,,
1743,2023-02-23,512.0,521.0,510.0,518.0,,
1744,2023-02-24,524.0,525.0,511.0,511.0,,
1745,2023-03-01,504.0,522.0,504.0,522.0,,
1746,2023-03-02,519.0,520.0,515.0,519.0,,
1747,2023-03-03,524.0,525.0,516.0,516.0,,
1748,2023-03-06,520.0,524.0,517.0,521.0,,
1749,2023-03-07,521.0,526.0,519.0,524.0,,
1750,2023-03-08,521.0,523.0,518.0,521.0,,
1751,2023-03-09,525.0,526.0,522.0,522.0,,
1752,2023-03-10,515.0,516.0,511.0,513.0,,
1753,2023-03-13,513.0,518.0,509.0,516.0,,
1754,2023-03-14,511.0,514.0,510.0,510.0,,
1755,2023-03-15,515.0,516.0,510.0,511.0,,
1756,2023-03-16,505.0,510.0,504.0,505.0,,
1757,2023-03-17,516.0,518.0,513.0,518.0,,
1758,2023-03-20,517.0,518.0,510.0,512.0,,
1759,2023-03-21,515.0,517.0,512.0,517.0,,
1760,2023-03-22,524.0,533.0,524.0,533.0,,
1761,2023-03-23,528.0,539.0,528.0,538.0,,
1762,2023-03-24,536.0,539.0,535.0,539.0,,DOWN
1763,2023-03-27,533.0,536.0,531.0,531.0,,DOWN
1764,2023-03-28,525.0,530.0,524.0,525.0,,DOWN
1765,2023-03-29,533.0,533.0,525.0,530.0,,DOWN
1766,2023-03-30,536.0,537.0,531.0,535.0,,DOWN
1767,2023-03-31,538.0,538.0,532.0,533.0,,DOWN
1768,2023-04-06,530.0,531.0,526.0,530.0,,DOWN
1769,2023-04-07,535.0,535.0,529.0,531.0,,DOWN
1770,2023-04-10,533.0,533.0,528.0,529.0,,DOWN
1771,2023-04-11,522.0,527.0,522.0,524.0,,DOWN
1772,2023-04-12,523.0,524.0,517.0,520.0,,DOWN
1773,2023-04-13,515.0,517.0,510.0,510.0,,DOWN
1774,2023-04-14,516.0,520.0,513.0,516.0,,DOWN
1775,2023-04-17,519.0,520.0,514.0,520.0,,DOWN
1776,2023-04-18,518.0,520.0,514.0,515.0,,DOWN
1777,2023-04-19,517.0,518.0,509.0,510.0,,DOWN
1778,2023-04-20,512.0,516.0,510.0,513.0,,DOWN
1779,2023-04-21,520.0,520.0,510.0,511.0,,DOWN
1780,2023-04-24,505.0,510.0,504.0,507.0,,DOWN
1781,2023-04-25,504.0,505.0,498.0,498.0,,DOWN
1782,2023-04-26,498.0,498.5,491.0,491.5,UP,
1783,2023-04-27,491.0,495.0,489.0,493.5,UP,
1784,2023-04-28,498.5,502.0,498.0,502.0,UP,
1785,2023-05-02,500.0,502.0,496.5,501.0,UP,
1786,2023-05-03,496.0,498.0,495.0,496.0,UP,
1787,2023-05-04,497.0,499.5,496.0,498.0,UP,
1788,2023-05-05,500.0,502.0,498.5,500.0,UP,
1789,2023-05-08,509.0,509.0,502.0,504.0,UP,
1790,2023-05-09,507.0,510.0,505.0,510.0,UP,
1791,2023-05-10,508.0,508.0,500.0,503.0,UP,
1792,2023-05-11,506.0,506.0,498.5,499.0,UP,
1793,2023-05-12,496.0,500.0,495.0,496.0,UP,
1794,2023-05-15,497.0,499.5,494.5,495.5,UP,
1795,2023-05-16,503.0,508.0,500.0,505.0,UP,
1796,2023-05-17,508.0,521.0,506.0,519.0,UP,
1797,2023-05-18,533.0,536.0,526.0,530.0,UP,
1798,2023-05-19,535.0,535.0,529.0,532.0,UP,
1799,2023-05-22,532.0,533.0,529.0,531.0,UP,
1800,2023-05-23,530.0,531.0,525.0,530.0,UP,
1801,2023-05-24,527.0,528.0,524.0,525.0,UP,
1802,2023-05-25,542.0,545.0,537.0,543.0,UP,
1803,2023-05-26,568.0,568.0,563.0,566.0,UP,
1804,2023-05-29,574.0,574.0,564.0,568.0,UP,
1805,2023-05-30,566.0,568.0,563.0,566.0,UP,
1806,2023-05-31,560.0,562.0,551.0,558.0,UP,
1807,2023-06-01,550.0,554.0,550.0,551.0,UP,
1808,2023-06-02,559.0,564.0,557.0,562.0,UP,
1809,2023-06-05,560.0,560.0,555.0,555.0,UP,
1810,2023-06-06,554.0,562.0,553.0,560.0,UP,
1811,2023-06-07,561.0,568.0,560.0,568.0,UP,
1812,2023-06-08,562.0,568.0,555.0,559.0,UP,
1813,2023-06-09,561.0,566.0,561.0,565.0,UP,
1814,2023-06-12,574.0,574.0,571.0,574.0,UP,
1815,2023-06-13,593.0,594.0,589.0,593.0,UP,
1816,2023-06-14,590.0,591.0,587.0,590.0,,
1817,2023-06-15,590.0,593.0,587.0,591.0,,
1818,2023-06-16,590.0,590.0,584.0,589.0,,
1819,2023-06-19,583.0,585.0,582.0,583.0,,
1820,2023-06-20,579.0,585.0,579.0,583.0,,
1821,2023-06-21,582.0,585.0,578.0,581.0,,
1822,2023-06-26,576.0,578.0,574.0,574.0,,
1823,2023-06-27,570.0,575.0,569.0,572.0,,
1824,2023-06-28,579.0,579.0,571.0,574.0,,
1825,2023-06-29,578.0,580.0,570.0,573.0,,
1826,2023-06-30,570.0,576.0,568.0,576.0,,
1827,2023-07-03,578.0,580.0,576.0,579.0,,
1828,2023-07-04,585.0,585.0,580.0,585.0,,
1829,2023-07-05,589.0,589.0,579.0,582.0,,
1830,2023-07-06,573.0,574.0,565.0,565.0,,
1831,2023-07-07,565.0,572.0,563.0,565.0,,
1832,2023-07-10,567.0,573.0,565.0,565.0,,
1833,2023-07-11,574.0,577.0,570.0,577.0,,
1834,2023-07-12,574.0,578.0,572.0,578.0,,
1835,2023-07-13,587.0,590.0,585.0,585.0,,
1836,2023-07-14,589.0,591.0,587.0,591.0,,DOWN
1837,2023-07-17,588.0,591.0,587.0,591.0,,DOWN
1838,2023-07-18,587.0,588.0,580.0,581.0,,DOWN
1839,2023-07-19,584.0,587.0,579.0,581.0,,DOWN
1840,2023-07-20,580.0,584.0,578.0,579.0,,DOWN
1841,2023-07-21,560.0,563.0,557.0,560.0,,DOWN
1842,2023-07-24,557.0,563.0,557.0,558.0,,DOWN
1843,2023-07-25,561.0,569.0,561.0,569.0,,DOWN
1844,2023-07-26,569.0,571.0,563.0,566.0,,DOWN
1845,2023-07-27,570.0,570.0,566.0,569.0,,DOWN
1846,2023-07-28,569.0,573.0,565.0,567.0,,DOWN
1847,2023-07-31,575.0,575.0,560.0,565.0,,DOWN
1848,2023-08-01,565.0,568.0,564.0,567.0,,DOWN
1849,2023-08-02,567.0,569.0,558.0,561.0,,DOWN
1850,2023-08-04,556.0,560.0,552.0,554.0,,DOWN
1851,2023-08-07,558.0,561.0,556.0,558.0,,DOWN
1852,2023-08-08,558.0,558.0,551.0,552.0,,DOWN
1853,2023-08-09,550.0,557.0,550.0,554.0,,DOWN
1854,2023-08-10,552.0,554.0,550.0,551.0,,DOWN
1855,2023-08-11,556.0,558.0,546.0,546.0,,DOWN
1856,2023-08-14,540.0,543.0,537.0,541.0,,DOWN
1857,2023-08-15,543.0,545.0,540.0,542.0,,DOWN
1858,2023-08-16,541.0,543.0,536.0,542.0,,DOWN
1859,2023-08-17,540.0,546.0,537.0,544.0,,DOWN
1860,2023-08-18,540.0,544.0,539.0,539.0,,DOWN
1861,2023-08-21,544.0,544.0,534.0,537.0,,DOWN
1862,2023-08-22,544.0,544.0,538.0,541.0,,DOWN
1863,2023-08-23,546.0,552.0,544.0,552.0,,DOWN
1864,2023-08-24,563.0,564.0,558.0,564.0,,DOWN
1865,2023-08-25,549.0,551.0,546.0,546.0,,DOWN
1866,2023-08-28,547.0,553.0,547.0,549.0,,DOWN
1867,2023-08-29,551.0,553.0,546.0,552.0,,DOWN
1868,2023-08-30,558.0,560.0,554.0,555.0,,DOWN
1869,2023-08-31,553.0,556.0,548.0,549.0,,DOWN
1870,2023-09-01,543.0,553.0,543.0,548.0,,DOWN
1871,2023-09-04,549.0,557.0,549.0,557.0,,DOWN
1872,2023-09-05,553.0,555.0,550.0,552.0,,DOWN
1873,2023-09-06,556.0,556.0,550.0,550.0,,DOWN
1874,2023-09-07,546.0,548.0,542.0,542.0,,DOWN
1875,2023-09-08,535.0,540.0,535.0,539.0,,DOWN
1876,2023-09-11,539.0,540.0,536.0,536.0,,DOWN
1877,2023-09-12,536.0,545.0,536.0,544.0,,DOWN
1878,2023-09-13,545.0,548.0,541.0,541.0,,DOWN
1879,2023-09-14,544.0,550.0,543.0,550.0,,DOWN
1880,2023-09-15,549.0,558.0,547.0,558.0,,DOWN
1881,2023-09-18,548.0,549.0,540.0,540.0,,DOWN
1882,2023-09-19,539.0,543.0,538.0,538.0,,DOWN
1883,2023-09-20,536.0,538.0,535.0,535.0,,DOWN
1884,2023-09-21,530.0,531.0,526.0,527.0,,DOWN
1885,2023-09-22,523.0,525.0,522.0,522.0,,DOWN
1886,2023-09-25,522.0,529.0,522.0,525.0,,DOWN
1887,2023-09-26,521.0,524.0,519.0,519.0,,DOWN
1888,2023-09-27,517.0,523.0,516.0,522.0,,DOWN
1889,2023-09-28,523.0,525.0,520.0,523.0,,DOWN
1890,2023-10-02,530.0,534.0,528.0,533.0,,DOWN
1891,2023-10-03,528.0,533.0,528.0,529.0,,DOWN
1892,2023-10-04,521.0,523.0,519.0,520.0,UP,
1893,2023-10-05,523.0,529.0,523.0,528.0,UP,
1894,2023-10-06,530.0,533.0,529.0,532.0,UP,
1895,2023-10-11,542.0,544.0,540.0,544.0,UP,
1896,2023-10-12,545.0,550.0,544.0,550.0,UP,
1897,2023-10-13,550.0,554.0,548.0,553.0,UP,
1898,2023-10-16,546.0,547.0,542.0,545.0,UP,
1899,2023-10-17,550.0,552.0,548.0,551.0,UP,
1900,2023-10-18,549.0,549.0,540.0,540.0,UP,
1901,2023-10-19,540.0,548.0,540.0,546.0,UP,
1902,2023-10-20,549.0,556.0,546.0,556.0,UP,
1903,2023-10-23,552.0,553.0,543.0,544.0,UP,
1904,2023-10-24,543.0,546.0,540.0,544.0,UP,
1905,2023-10-25,544.0,551.0,544.0,544.0,UP,
1906,2023-10-26,530.0,535.0,530.0,531.0,UP,
1907,2023-10-27,534.0,536.0,532.0,533.0,UP,
1908,2023-10-30,531.0,534.0,528.0,532.0,UP,
1909,2023-10-31,535.0,535.0,527.0,529.0,UP,
1910,2023-11-01,533.0,533.0,527.0,528.0,UP,
1911,2023-11-02,536.0,547.0,535.0,547.0,UP,
1912,2023-11-03,547.0,549.0,545.0,549.0,UP,
1913,2023-11-06,553.0,556.0,550.0,550.0,UP,
1914,2023-11-07,552.0,555.0,550.0,555.0,UP,
1915,2023-11-08,550.0,557.0,550.0,556.0,UP,
1916,2023-11-09,551.0,557.0,551.0,557.0,UP,
1917,2023-11-10,555.0,557.0,554.0,557.0,UP,
1918,2023-11-13,579.0,580.0,571.0,571.0,UP,
1919,2023-11-14,576.0,576.0,571.0,572.0,UP,
1920,2023-11-15,583.0,583.0,575.0,581.0,UP,
1921,2023-11-16,581.0,583.0,578.0,583.0,UP,
1922,2023-11-17,579.0,583.0,579.0,580.0,UP,
1923,2023-11-20,576.0,579.0,575.0,577.0,UP,
1924,2023-11-21,582.0,585.0,581.0,585.0,UP,
1925,2023-11-22,576.0,579.0,574.0,577.0,UP,
1926,2023-11-23,574.0,578.0,574.0,578.0,UP,
1927,2023-11-24,577.0,578.0,574.0,575.0,UP,
1928,2023-11-27,573.0,577.0,568.0,568.0,UP,
1929,2023-11-28,565.0,576.0,565.0,575.0,UP,
1930,2023-11-29,578.0,579.0,570.0,574.0,UP,
1931,2023-11-30,576.0,577.0,570.0,577.0,UP,
1932,2023-12-01,573.0,579.0,573.0,579.0,UP,
1933,2023-12-04,582.0,582.0,571.0,574.0,UP,
1934,2023-12-05,571.0,572.0,567.0,570.0,UP,
1935,2023-12-06,568.0,575.0,568.0,570.0,UP,
1936,2023-12-07,570.0,573.0,566.0,566.0,UP,
1937,2023-12-08,574.0,577.0,570.0,570.0,UP,
1938,2023-12-11,572.0,575.0,570.0,574.0,UP,
1939,2023-12-12,580.0,581.0,575.0,578.0,UP,
1940,2023-12-13,576.0,579.0,576.0,577.0,UP,
1941,2023-12-14,581.0,582.0,579.0,582.0,UP,
1942,2023-12-15,585.0,586.0,580.0,585.0,UP,
1943,2023-12-18,579.0,585.0,577.0,585.0,UP,
1944,2023-12-19,588.0,588.0,580.0,585.0,UP,
1945,2023-12-20,587.0,587.0,583.0,585.0,UP,
1946,2023-12-21,577.0,579.0,575.0,577.0,UP,
1947,2023-12-22,582.0,582.0,579.0,582.0,UP,
1948,2023-12-25,582.0,585.0,580.0,581.0,UP,
1949,2023-12-26,583.0,586.0,582.0,586.0,UP,
1950,2023-12-27,587.0,592.0,586.0,592.0,UP,
1951,2023-12-28,592.0,593.0,589.0,593.0,UP,
1952,2023-12-29,589.0,593.0,589.0,593.0,UP,
1953,2024-01-02,590.0,593.0,589.0,593.0,UP,
1954,2024-01-03,584.0,585.0,576.0,578.0,UP,
1955,2024-01-04,580.0,581.0,577.0,580.0,UP,
1956,2024-01-05,578.0,580.0,574.0,576.0,UP,
1957,2024-01-08,582.0,585.0,579.0,583.0,UP,
1958,2024-01-09,588.0,589.0,583.0,586.0,UP,
1959,2024-01-10,581.0,586.0,580.0,584.0,UP,
1960,2024-01-11,586.0,589.0,583.0,586.0,UP,
1961,2024-01-12,581.0,588.0,581.0,584.0,UP,
1962,2024-01-15,590.0,590.0,585.0,586.0,UP,
1963,2024-01-16,581.0,588.0,579.0,580.0,UP,
1964,2024-01-17,583.0,584.0,578.0,581.0,UP,
1965,2024-01-18,586.0,589.0,585.0,588.0,UP,
1966,2024-01-19,625.0,627.0,614.0,626.0,UP,
1967,2024-01-22,633.0,633.0,623.0,626.0,UP,
1968,2024-01-23,629.0,629.0,622.0,628.0,UP,
1969,2024-01-24,628.0,630.0,624.0,627.0,UP,
1970,2024-01-25,635.0,642.0,633.0,642.0,UP,
1971,2024-01-26,644.0,646.0,639.0,644.0,UP,
1972,2024-01-29,646.0,648.0,644.0,648.0,UP,
1973,2024-01-30,642.0,647.0,642.0,642.0,UP,
1974,2024-01-31,634.0,637.0,626.0,628.0,UP,
1975,2024-02-01,625.0,628.0,619.0,628.0,UP,
1976,2024-02-02,633.0,635.0,628.0,635.0,UP,
1977,2024-02-05,645.0,647.0,638.0,646.0,UP,
1978,2024-02-15,709.0,709.0,693.0,697.0,UP,
1979,2024-02-16,697.0,699.0,683.0,683.0,UP,
1980,2024-02-19,674.0,682.0,674.0,678.0,UP,
1981,2024-02-20,675.0,688.0,675.0,687.0,UP,
1982,2024-02-21,678.0,683.0,678.0,681.0,UP,
1983,2024-02-22,695.0,695.0,685.0,692.0,UP,
1984,2024-02-23,701.0,703.0,696.0,697.0,UP,
1985,2024-02-26,700.0,700.0,695.0,698.0,UP,
1986,2024-02-27,700.0,701.0,691.0,698.0,UP,
1987,2024-02-29,691.0,698.0,688.0,690.0,UP,
1988,2024-03-01,697.0,697.0,688.0,689.0,UP,
1989,2024-03-04,714.0,725.0,711.0,725.0,UP,
1990,2024-03-05,735.0,738.0,728.0,730.0,UP,
1991,2024-03-06,718.0,738.0,717.0,735.0,UP,
1992,2024-03-07,755.0,769.0,754.0,760.0,UP,
1993,2024-03-08,795.0,796.0,772.0,784.0,UP,
1994,2024-03-11,768.0,778.0,761.0,766.0,UP,
1995,2024-03-12,757.0,771.0,754.0,770.0,UP,
1996,2024-03-13,785.0,785.0,777.0,779.0,UP,
1997,2024-03-14,779.0,785.0,770.0,784.0,UP,
1998,2024-03-15,771.0,777.0,753.0,753.0,UP,
1999,2024-03-18,754.0,765.0,754.0,764.0,UP,
2000,2024-03-19,758.0,765.0,755.0,762.0,UP,
2001,2024-03-20,764.0,769.0,752.0,758.0,UP,
2002,2024-03-21,773.0,784.0,772.0,784.0,UP,
2003,2024-03-22,788.0,789.0,775.0,785.0,UP,
2004,2024-03-25,783.0,788.0,779.0,780.0,UP,
2005,2024-03-26,788.0,792.0,776.0,782.0,UP,
2006,2024-03-27,785.0,785.0,779.0,779.0,UP,
2007,2024-03-28,774.0,776.0,768.0,769.0,UP,
2008,2024-03-29,769.0,781.0,768.0,779.0,UP,
2009,2024-04-01,783.0,783.0,769.0,770.0,UP,
2010,2024-04-02,784.0,790.0,783.0,790.0,UP,
2011,2024-04-03,783.0,785.0,778.0,780.0,UP,
2012,2024-04-08,789.0,792.0,783.0,783.0,UP,
2013,2024-04-09,795.0,820.0,792.0,819.0,UP,
2014,2024-04-10,815.0,819.0,810.0,815.0,UP,
2015,2024-04-11,811.0,820.0,811.0,820.0,UP,
2016,2024-04-12,823.0,826.0,817.0,818.0,UP,
2017,2024-04-15,804.0,812.0,803.0,806.0,UP,
2018,2024-04-16,802.0,803.0,785.0,788.0,UP,
2019,2024-04-17,798.0,808.0,793.0,804.0,UP,
2020,2024-04-18,796.0,810.0,792.0,804.0,UP,
2021,2024-04-19,769.0,770.0,746.0,750.0,UP,
2022,2024-04-22,740.0,757.0,740.0,742.0,UP,
2023,2024-04-23,761.0,761.0,752.0,754.0,UP,
2024,2024-04-24,770.0,785.0,769.0,783.0,UP,
2025,2024-04-25,770.0,774.0,765.0,766.0,UP,
2026,2024-04-26,788.0,789.0,782.0,782.0,UP,
2027,2024-04-29,790.0,795.0,787.0,795.0,UP,
2028,2024-04-30,797.0,802.0,790.0,790.0,UP,
2029,2024-05-02,789.0,789.0,772.0,772.0,UP,
2030,2024-05-03,788.0,788.0,773.0,780.0,UP,
2031,2024-05-06,791.0,793.0,786.0,786.0,UP,
2032,2024-05-07,797.0,800.0,792.0,800.0,UP,
2033,2024-05-08,794.0,802.0,792.0,802.0,UP,
2034,2024-05-09,798.0,802.0,796.0,796.0,UP,
2035,2024-05-10,803.0,807.0,798.0,802.0,UP,
2036,2024-05-13,823.0,825.0,818.0,819.0,UP,
2037,2024-05-14,816.0,825.0,811.0,825.0,UP,
2038,2024-05-15,838.0,844.0,837.0,839.0,UP,
2039,2024-05-16,852.0,856.0,837.0,841.0,UP,
2040,2024-05-17,848.0,848.0,834.0,835.0,UP,
2041,2024-05-20,834.0,838.0,822.0,835.0,UP,
2042,2024-05-21,830.0,841.0,830.0,841.0,UP,
2043,2024-05-22,845.0,865.0,843.0,864.0,UP,
2044,2024-05-23,875.0,877.0,867.0,875.0,UP,
2045,2024-05-24,858.0,872.0,858.0,867.0,UP,
2046,2024-05-27,872.0,878.0,866.0,869.0,UP,
2047,2024-05-28,867.0,873.0,865.0,865.0,UP,
2048,2024-05-29,861.0,868.0,856.0,857.0,UP,
2049,2024-05-30,841.0,848.0,838.0,838.0,UP,
2050,2024-05-31,838.0,846.0,821.0,821.0,UP,
2051,2024-06-03,839.0,853.0,837.0,846.0,UP,
2052,2024-06-04,844.0,851.0,837.0,839.0,UP,
2053,2024-06-05,841.0,857.0,835.0,854.0,UP,
2054,2024-06-06,893.0,899.0,885.0,894.0,UP,
2055,2024-06-07,885.0,888.0,879.0,879.0,UP,
2056,2024-06-11,892.0,895.0,883.0,883.0,UP,
2057,2024-06-12,888.0,914.0,888.0,909.0,UP,
2058,2024-06-13,923.0,935.0,911.0,919.0,UP,
2059,2024-06-14,916.0,922.0,905.0,922.0,UP,
2060,2024-06-17,913.0,925.0,913.0,921.0,UP,
2061,2024-06-18,944.0,950.0,940.0,943.0,UP,
2062,2024-06-19,953.0,984.0,953.0,981.0,UP,
2063,2024-06-20,971.0,981.0,971.0,981.0,UP,
2064,2024-06-21,961.0,978.0,960.0,970.0,UP,
2065,2024-06-24,958.0,960.0,940.0,940.0,UP,
2066,2024-06-25,925.0,945.0,923.0,945.0,UP,
2067,2024-06-26,951.0,960.0,951.0,960.0,UP,
2068,2024-06-27,951.0,961.0,949.0,960.0,UP,
2069,2024-06-28,956.0,971.0,955.0,966.0,UP,
2070,2024-07-01,968.0,977.0,965.0,968.0,UP,
2071,2024-07-02,967.0,971.0,959.0,960.0,UP,
2072,2024-07-03,976.0,979.0,967.0,979.0,UP,
2073,2024-07-04,1000.0,1010.0,997.0,1005.0,UP,
2074,2024-07-05,1005.0,1010.0,1000.0,1005.0,UP,
2075,2024-07-08,1005.0,1050.0,1000.0,1035.0,UP,
2076,2024-07-09,1030.0,1055.0,1025.0,1040.0,UP,
2077,2024-07-10,1020.0,1050.0,1015.0,1045.0,UP,
2078,2024-07-11,1065.0,1080.0,1055.0,1080.0,,DOWN
2079,2024-07-12,1030.0,1045.0,1025.0,1040.0,,DOWN
2080,2024-07-15,1040.0,1045.0,1025.0,1040.0,,DOWN
2081,2024-07-16,1040.0,1070.0,1035.0,1055.0,,DOWN
2082,2024-07-17,1035.0,1045.0,1020.0,1030.0,,DOWN
2083,2024-07-18,988.0,1005.0,986.0,1005.0,,DOWN
2084,2024-07-19,988.0,995.0,970.0,970.0,,DOWN
2085,2024-07-22,964.0,965.0,938.0,939.0,,DOWN
2086,2024-07-23,963.0,979.0,956.0,979.0,,DOWN
2087,2024-07-26,915.0,930.0,915.0,924.0,,DOWN
2088,2024-07-29,942.0,948.0,936.0,944.0,,DOWN
2089,2024-07-30,930.0,949.0,926.0,940.0,,DOWN
2090,2024-07-31,929.0,940.0,928.0,934.0,,DOWN
2091,2024-08-01,969.0,969.0,948.0,960.0,,DOWN
2092,2024-08-02,918.0,928.0,903.0,903.0,,DOWN
2093,2024-08-05,852.0,857.0,813.0,815.0,,DOWN
2094,2024-08-06,868.0,895.0,840.0,880.0,,
2095,2024-08-07,901.0,920.0,893.0,920.0,,
2096,2024-08-08,901.0,905.0,887.0,896.0,,
2097,2024-08-09,927.0,934.0,922.0,934.0,,
2098,2024-08-12,942.0,948.0,931.0,940.0,,
2099,2024-08-13,945.0,945.0,937.0,941.0,,
2100,2024-08-14,951.0,955.0,945.0,948.0,,
2101,2024-08-15,945.0,950.0,941.0,943.0,,
2102,2024-08-16,963.0,969.0,958.0,969.0,,
2103,2024-08-19,969.0,975.0,964.0,973.0,,
2104,2024-08-20,977.0,977.0,968.0,973.0,,
2105,2024-08-21,961.0,964.0,956.0,958.0,,
2106,2024-08-22,958.0,964.0,948.0,951.0,,
2107,2024-08-23,944.0,952.0,939.0,949.0,,
2108,2024-08-26,957.0,961.0,945.0,950.0,,
2109,2024-08-27,945.0,946.0,940.0,942.0,,
2110,2024-08-28,945.0,964.0,943.0,964.0,,
2111,2024-08-29,942.0,947.0,937.0,943.0,,
2112,2024-08-30,944.0,952.0,941.0,944.0,,
2113,2024-09-02,950.0,955.0,943.0,948.0,,
2114,2024-09-03,948.0,952.0,939.0,940.0,,
2115,2024-09-04,894.0,905.0,888.0,889.0,UP,
2116,2024-09-05,907.0,915.0,900.0,902.0,UP,
2117,2024-09-06,909.0,918.0,903.0,918.0,UP,
2118,2024-09-09,892.0,900.0,891.0,899.0,UP,
2119,2024-09-10,907.0,911.0,901.0,904.0,UP,
2120,2024-09-11,906.0,906.0,900.0,901.0,UP,
2121,2024-09-12,936.0,944.0,928.0,940.0,UP,
2122,2024-09-13,955.0,955.0,939.0,947.0,UP,
2123,2024-09-16,952.0,952.0,943.0,947.0,UP,
2124,2024-09-18,945.0,948.0,933.0,941.0,UP,
2125,2024-09-19,940.0,960.0,936.0,960.0,UP,
2126,2024-09-20,981.0,982.0,971.0,973.0,UP,
2127,2024-09-23,971.0,977.0,971.0,977.0,UP,
2128,2024-09-24,976.0,987.0,971.0,987.0,UP,
2129,2024-09-25,1000.0,1005.0,998.0,1005.0,UP,
2130,2024-09-26,1010.0,1015.0,1005.0,1015.0,UP,
2131,2024-09-27,1020.0,1025.0,1000.0,1000.0,UP,
2132,2024-09-30,978.0,990.0,957.0,957.0,UP,
2133,2024-10-01,967.0,977.0,967.0,972.0,UP,
2134,2024-10-04,986.0,986.0,967.0,977.0,UP,
2135,2024-10-07,993.0,1010.0,989.0,1005.0,UP,
2136,2024-10-08,1000.0,1010.0,997.0,1010.0,UP,
2137,2024-10-09,1030.0,1035.0,1020.0,1020.0,UP,
2138,2024-10-11,1025.0,1050.0,1020.0,1045.0,UP,
2139,2024-10-14,1045.0,1055.0,1035.0,1045.0,UP,
2140,2024-10-15,1050.0,1075.0,1050.0,1070.0,UP,
2141,2024-10-16,1040.0,1070.0,1035.0,1045.0,UP,
2142,2024-10-17,1050.0,1055.0,1030.0,1035.0,UP,
2143,2024-10-18,1095.0,1100.0,1075.0,1085.0,UP,
2144,2024-10-21,1090.0,1095.0,1080.0,1085.0,UP,
2145,2024-10-22,1065.0,1075.0,1060.0,1075.0,,
2146,2024-10-23,1060.0,1070.0,1055.0,1060.0,,
2147,2024-10-24,1070.0,1075.0,1055.0,1060.0,,
2148,2024-10-25,1065.0,1070.0,1060.0,1065.0,,
2149,2024-10-28,1075.0,1080.0,1050.0,1050.0,,
2150,2024-10-29,1035.0,1040.0,1020.0,1040.0,,
2151,2024-10-30,1040.0,1055.0,1030.0,1030.0,,
2152,2024-11-01,996.0,1030.0,996.0,1025.0,,
2153,2024-11-04,1030.0,1045.0,1025.0,1040.0,,
2154,2024-11-05,1030.0,1055.0,1030.0,1050.0,,
2155,2024-11-06,1050.0,1080.0,1040.0,1060.0,,
2156,2024-11-07,1050.0,1075.0,1050.0,1065.0,,
2157,2024-11-08,1085.0,1090.0,1080.0,1090.0,,
2158,2024-11-11,1080.0,1090.0,1070.0,1085.0,,
2159,2024-11-12,1060.0,1065.0,1050.0,1050.0,,
2160,2024-11-13,1045.0,1050.0,1035.0,1035.0,,
2161,2024-11-14,1030.0,1040.0,1025.0,1035.0,,
2162,2024-11-15,1040.0,1045.0,1030.0,1035.0,,
2163,2024-11-18,1030.0,1035.0,1020.0,1025.0,,
2164,2024-11-19,1030.0,1045.0,1025.0,1040.0,,
2165,2024-11-20,1045.0,1050.0,1020.0,1025.0,,
2166,2024-11-21,1020.0,1025.0,1010.0,1010.0,,
2167,2024-11-22,1035.0,1050.0,1035.0,1040.0,,
2168,2024-11-25,1045.0,1050.0,1030.0,1030.0,,
2169,2024-11-26,1015.0,1020.0,1010.0,1010.0,,
2170,2024-11-27,1010.0,1020.0,1000.0,1000.0,,
2171,2024-11-28,1005.0,1005.0,992.0,1005.0,,
2172,2024-11-29,995.0,1010.0,994.0,996.0,,
2173,2024-12-02,1020.0,1040.0,1015.0,1035.0,,
2174,2024-12-03,1060.0,1065.0,1055.0,1055.0,,
2175,2024-12-04,1065.0,1070.0,1055.0,1070.0,,
2176,2024-12-05,1070.0,1080.0,1070.0,1075.0,,
2177,2024-12-06,1075.0,1080.0,1060.0,1065.0,,
2178,2024-12-09,1070.0,1075.0,1065.0,1075.0,,
2179,2024-12-10,1070.0,1075.0,1060.0,1065.0,,
2180,2024-12-11,1045.0,1060.0,1045.0,1045.0,,
2181,2024-12-12,1060.0,1065.0,1055.0,1060.0,,
2182,2024-12-13,1060.0,1070.0,1055.0,1065.0,,
2183,2024-12-16,1085.0,1085.0,1075.0,1085.0,,
2184,2024-12-17,1090.0,1095.0,1075.0,1075.0,,
2185,2024-12-18,1075.0,1090.0,1070.0,1085.0,,
2186,2024-12-19,1065.0,1070.0,1055.0,1070.0,,
2187,2024-12-20,1060.0,1060.0,1035.0,1035.0,,
2188,2024-12-23,1065.0,1080.0,1060.0,1080.0,,
2189,2024-12-24,1095.0,1095.0,1080.0,1080.0,,
2190,2024-12-25,1090.0,1090.0,1080.0,1085.0,,
2191,2024-12-26,1085.0,1090.0,1085.0,1085.0,,
2192,2024-12-27,1080.0,1095.0,1080.0,1090.0,,
2193,2024-12-30,1090.0,1095.0,1085.0,1090.0,,
2194,2024-12-31,1080.0,1085.0,1075.0,1075.0,,
